GEN UID,Bus ID,Unit Type,Fuel,MW Inj,MVAR Inj,V Setpoint p.u.,PMax MW,PMin MW,QMax MVAR,QMin MVAR,Min Down Time Hr,Min Up Time Hr,Ramp Rate MW/Min,Start Time Cold Hr,Start Time Warm Hr,Start Time Hot Hr,Start Heat Cold MBTU,Start Heat Warm MBTU,Start Heat Hot MBTU,Non Fuel Start Cost $,Fuel Price $/MMBTU,Output_pct_0,Output_pct_1,Output_pct_2,Output_pct_3,Output_pct_4,HR_avg_0,HR_incr_1,HR_incr_3,HR_incr_4,capital_cost,emissions_factor,lifetime,efficiency,weight,p_nom_min,p_nom_max,p_max_pu
AT1 0 CCGT,AT1 0,CT,C,,,,4596.0,0,,,,,1,,,,,,,0,1,,,,,,,,,,126431.64689898516,0.198,inf,0.5972319408181027,1.0,4596.0,inf,1.0
AT1 0 CCGT-c,AT1 0,CT,C,,,,4596.0,0,,,,,1,,,,,,,0,1,,,,,,,,,,126431.64689898516,0.198,inf,0.5972319408181027,1.0,4596.0,inf,1.0
AT1 0 biomass,AT1 0,BIO,B,,,,132.0,0,,,,,1,,,,,,,0,1,,,,,,,,,,371372.7528566886,0.0,inf,0.468,1.0,132.0,inf,1.0
AT1 0 oil,AT1 0,CC,G,,,,170.0,0,,,,,1,,,,,,,0,1,,,,,,,,,,49328.8713130479,0.2571,inf,0.35,1.0,170.0,inf,1.0
AT1 0 waste,AT1 0,LFILL,G,,,,123.0,0,,,,,1,,,,,,,0,1,,,,,,,,,,1026674.8901905594,0.2571,inf,0.2165,1.0,123.0,inf,1.0
BA1 0 lignite,BA1 0,COAL,C,,,,2090.0,0,,,,,1,,,,,,,0,1,,,,,,,,,,423983.32612280146,0.4069,inf,0.33,1.0,2090.0,inf,1.0
BE1 0 CCGT,BE1 0,CT,C,,,,6634.2,0,,,,,1,,,,,,,0,1,,,,,,,,,,126431.64689898514,0.198,inf,0.6000000000000001,1.0,6634.2,inf,1.0
BE1 0 CCGT-c,BE1 0,CT,C,,,,6634.2,0,,,,,1,,,,,,,0,1,,,,,,,,,,126431.64689898514,0.198,inf,0.6000000000000001,1.0,6634.2,inf,1.0
BE1 0 biomass,BE1 0,BIO,B,,,,113.0,0,,,,,1,,,,,,,0,1,,,,,,,,,,371372.7528566887,0.0,inf,0.4680000000000001,1.0,113.0,inf,1.0
BE1 0 nuclear,BE1 0,NUC,N,,,,4096.0,0,,,,,1,,,,,,,0,1,,,,,,,,,,947758.9752212986,0.0,inf,0.326,1.0,4096.0,inf,0.626
BE1 0 oil,BE1 0,CC,G,,,,130.2,0,,,,,1,,,,,,,0,1,,,,,,,,,,49328.87131304791,0.2571,inf,0.35,1.0,130.2,inf,1.0
BE1 0 waste,BE1 0,LFILL,G,,,,293.8,0,,,,,1,,,,,,,0,1,,,,,,,,,,1026674.8901905594,0.2571,inf,0.21649999999999997,1.0,293.8,inf,1.0
BG1 0 CCGT,BG1 0,CT,C,,,,761.0,0,,,,,1,,,,,,,0,1,,,,,,,,,,126431.64689898516,0.198,inf,0.6,1.0,761.0,inf,1.0
BG1 0 CCGT-c,BG1 0,CT,C,,,,761.0,0,,,,,1,,,,,,,0,1,,,,,,,,,,126431.64689898516,0.198,inf,0.6,1.0,761.0,inf,1.0
BG1 0 coal,BG1 0,COAL,C,,,,1204.0,0,,,,,1,,,,,,,0,1,,,,,,,,,,423983.3261228014,0.3361,inf,0.356,1.0,1204.0,inf,1.0
BG1 0 lignite,BG1 0,COAL,C,,,,6057.0,0,,,,,1,,,,,,,0,1,,,,,,,,,,423983.3261228014,0.4069,inf,0.33,1.0,6057.0,inf,1.0
BG1 0 nuclear,BG1 0,NUC,N,,,,2080.0,0,,,,,1,,,,,,,0,1,,,,,,,,,,947758.9752212986,0.0,inf,0.326,1.0,2080.0,inf,0.89
CH1 0 CCGT,CH1 0,CT,C,,,,98.8,0,,,,,1,,,,,,,0,1,,,,,,,,,,126431.64689898513,0.198,inf,0.6,1.0,98.8,inf,1.0
CH1 0 CCGT-c,CH1 0,CT,C,,,,98.8,0,,,,,1,,,,,,,0,1,,,,,,,,,,126431.64689898513,0.198,inf,0.6,1.0,98.8,inf,1.0
CH1 0 biomass,CH1 0,BIO,B,,,,59.0,0,,,,,1,,,,,,,0,1,,,,,,,,,,371372.75285668863,0.0,inf,0.468,1.0,59.0,inf,1.0
CH1 0 nuclear,CH1 0,NUC,N,,,,3095.0,0,,,,,1,,,,,,,0,1,,,,,,,,,,947758.9752212986,0.0,inf,0.32600000000000007,1.0,3095.0,inf,0.885
CH1 0 waste,CH1 0,LFILL,G,,,,212.5,0,,,,,1,,,,,,,0,1,,,,,,,,,,1026674.8901905594,0.2571,inf,0.2165,1.0,212.5,inf,1.0
CZ1 0 CCGT,CZ1 0,CT,C,,,,1719.0,0,,,,,1,,,,,,,0,1,,,,,,,,,,126431.64689898516,0.198,inf,0.6,1.0,1719.0,inf,1.0
CZ1 0 CCGT-c,CZ1 0,CT,C,,,,1719.0,0,,,,,1,,,,,,,0,1,,,,,,,,,,126431.64689898516,0.198,inf,0.6,1.0,1719.0,inf,1.0
CZ1 0 biomass,CZ1 0,BIO,B,,,,30.0,0,,,,,1,,,,,,,0,1,,,,,,,,,,371372.75285668863,0.0,inf,0.468,1.0,30.0,inf,1.0
CZ1 0 coal,CZ1 0,COAL,C,,,,639.0,0,,,,,1,,,,,,,0,1,,,,,,,,,,423983.3261228014,0.3361,inf,0.356,1.0,639.0,inf,1.0
CZ1 0 lignite,CZ1 0,COAL,C,,,,8875.6,0,,,,,1,,,,,,,0,1,,,,,,,,,,423983.3261228014,0.4069,inf,0.32999999999999996,1.0,8875.6,inf,1.0
CZ1 0 nuclear,CZ1 0,NUC,N,,,,4164.0,0,,,,,1,,,,,,,0,1,,,,,,,,,,947758.9752212988,0.0,inf,0.32600000000000007,1.0,4164.0,inf,0.819
CZ1 0 waste,CZ1 0,LFILL,G,,,,30.2,0,,,,,1,,,,,,,0,1,,,,,,,,,,1026674.8901905594,0.2571,inf,0.2165,1.0,30.2,inf,1.0
DE1 0 CCGT,DE1 0,CT,C,,,,2872.54842,0,,,,,1,,,,,,,0,1,,,,,,,,,,126431.64689898511,0.198,inf,0.5383833063855366,1.0,2872.54842,inf,1.0
DE1 0 CCGT-c,DE1 0,CT,C,,,,2872.54842,0,,,,,1,,,,,,,0,1,,,,,,,,,,126431.64689898511,0.198,inf,0.5383833063855366,1.0,2872.54842,inf,1.0
DE1 0 OCGT,DE1 0,OGS,G,,,,1028.593057,0,,,,,1,,,,,,,0,1,,,,,,,,,,57122.68042992875,0.198,inf,0.40631716466077605,1.0,1028.593057,inf,1.0
DE1 0 OCGT-c,DE1 0,OGS,G,,,,1028.593057,0,,,,,1,,,,,,,0,1,,,,,,,,,,57122.68042992875,0.198,inf,0.40631716466077605,1.0,1028.593057,inf,1.0
DE1 0 biomass,DE1 0,BIO,B,,,,2242.2542169999997,0,,,,,1,,,,,,,0,1,,,,,,,,,,371372.7528566887,0.0,inf,0.4676467840292171,1.0,2242.2542169999997,inf,1.0
DE1 0 coal,DE1 0,COAL,C,,,,779.6999999999999,0,,,,,1,,,,,,,0,1,,,,,,,,,,423983.32612280146,0.3361,inf,0.40417248279942247,1.0,779.6999999999999,inf,1.0
DE1 0 oil,DE1 0,CC,G,,,,491.44746,0,,,,,1,,,,,,,0,1,,,,,,,,,,49328.8713130479,0.2571,inf,0.35,1.0,491.44746,inf,1.0
DE1 0 waste,DE1 0,LFILL,G,,,,435.54600000000005,0,,,,,1,,,,,,,0,1,,,,,,,,,,1026674.8901905593,0.2571,inf,0.26853655297029466,1.0,435.54600000000005,inf,1.0
DE1 1 CCGT,DE1 1,CT,C,,,,3891.0878900000002,0,,,,,1,,,,,,,0,1,,,,,,,,,,126431.64689898513,0.198,inf,0.5369241060180414,1.0,3891.0878900000002,inf,1.0
DE1 1 CCGT-c,DE1 1,CT,C,,,,3891.0878900000002,0,,,,,1,,,,,,,0,1,,,,,,,,,,126431.64689898513,0.198,inf,0.5369241060180414,1.0,3891.0878900000002,inf,1.0
DE1 1 OCGT,DE1 1,OGS,G,,,,805.8935059999999,0,,,,,1,,,,,,,0,1,,,,,,,,,,57122.680429928754,0.198,inf,0.4231658464065103,1.0,805.8935059999999,inf,1.0
DE1 1 OCGT-c,DE1 1,OGS,G,,,,805.8935059999999,0,,,,,1,,,,,,,0,1,,,,,,,,,,57122.680429928754,0.198,inf,0.4231658464065103,1.0,805.8935059999999,inf,1.0
DE1 1 biomass,DE1 1,BIO,B,,,,1547.744108,0,,,,,1,,,,,,,0,1,,,,,,,,,,371372.7528566887,0.0,inf,0.46799999999999997,1.0,1547.744108,inf,1.0
DE1 1 coal,DE1 1,COAL,C,,,,475.25,0,,,,,1,,,,,,,0,1,,,,,,,,,,423983.32612280134,0.3361,inf,0.4518400841662283,1.0,475.25,inf,1.0
DE1 1 geothermal,DE1 1,GEO,GEO,,,,19.1,0,,,,,1,,,,,,,0,1,,,,,,,,,,0.0,0.12,inf,0.9999999999999999,1.0,19.1,inf,1.0
DE1 1 lignite,DE1 1,COAL,C,,,,1.86,0,,,,,1,,,,,,,0,1,,,,,,,,,,423983.3261228014,0.4069,inf,0.33,1.0,1.86,inf,1.0
DE1 1 oil,DE1 1,CC,G,,,,1371.49028,0,,,,,1,,,,,,,0,1,,,,,,,,,,49328.8713130479,0.2571,inf,0.35184616693018045,1.0,1371.49028,inf,1.0
DE1 1 waste,DE1 1,LFILL,G,,,,292.64,0,,,,,1,,,,,,,0,1,,,,,,,,,,1026674.8901905594,0.2571,inf,0.31021656301257516,1.0,292.64,inf,1.0
DE1 2 CCGT,DE1 2,CT,C,,,,12900.57886,0,,,,,1,,,,,,,0,1,,,,,,,,,,126431.64689898513,0.198,inf,0.5496784489967785,1.0,12900.57886,inf,1.0
DE1 2 CCGT-c,DE1 2,CT,C,,,,12900.57886,0,,,,,1,,,,,,,0,1,,,,,,,,,,126431.64689898513,0.198,inf,0.5496784489967785,1.0,12900.57886,inf,1.0
DE1 2 OCGT,DE1 2,OGS,G,,,,864.6103479999999,0,,,,,1,,,,,,,0,1,,,,,,,,,,57122.68042992875,0.198,inf,0.4177570745891651,1.0,864.6103479999999,inf,1.0
DE1 2 OCGT-c,DE1 2,OGS,G,,,,864.6103479999999,0,,,,,1,,,,,,,0,1,,,,,,,,,,57122.68042992875,0.198,inf,0.4177570745891651,1.0,864.6103479999999,inf,1.0
DE1 2 biomass,DE1 2,BIO,B,,,,845.9069300000001,0,,,,,1,,,,,,,0,1,,,,,,,,,,371372.7528566886,0.0,inf,0.46607835124367636,1.0,845.9069300000001,inf,1.0
DE1 2 coal,DE1 2,COAL,C,,,,8551.351999999999,0,,,,,1,,,,,,,0,1,,,,,,,,,,423983.32612280146,0.3361,inf,0.36988979622088597,1.0,8551.351999999999,inf,1.0
DE1 2 lignite,DE1 2,COAL,C,,,,9617.621,0,,,,,1,,,,,,,0,1,,,,,,,,,,423983.32612280146,0.4069,inf,0.3481868837096249,1.0,9617.621,inf,1.0
DE1 2 oil,DE1 2,CC,G,,,,886.324128,0,,,,,1,,,,,,,0,1,,,,,,,,,,49328.8713130479,0.2571,inf,0.35206470741593077,1.0,886.324128,inf,1.0
DE1 2 waste,DE1 2,LFILL,G,,,,912.099,0,,,,,1,,,,,,,0,1,,,,,,,,,,1026674.8901905594,0.2571,inf,0.27686588496171166,1.0,912.099,inf,1.0
DE1 3 CCGT,DE1 3,CT,C,,,,4894.67669,0,,,,,1,,,,,,,0,1,,,,,,,,,,126431.64689898516,0.198,inf,0.5540089913581293,1.0,4894.67669,inf,1.0
DE1 3 CCGT-c,DE1 3,CT,C,,,,4894.67669,0,,,,,1,,,,,,,0,1,,,,,,,,,,126431.64689898516,0.198,inf,0.5540089913581293,1.0,4894.67669,inf,1.0
DE1 3 OCGT,DE1 3,OGS,G,,,,1047.6566630000002,0,,,,,1,,,,,,,0,1,,,,,,,,,,57122.68042992873,0.198,inf,0.4180490730960014,1.0,1047.6566630000002,inf,1.0
DE1 3 OCGT-c,DE1 3,OGS,G,,,,1047.6566630000002,0,,,,,1,,,,,,,0,1,,,,,,,,,,57122.68042992873,0.198,inf,0.4180490730960014,1.0,1047.6566630000002,inf,1.0
DE1 3 biomass,DE1 3,BIO,B,,,,1552.916461,0,,,,,1,,,,,,,0,1,,,,,,,,,,371372.7528566886,0.0,inf,0.4572718659255683,1.0,1552.916461,inf,1.0
DE1 3 coal,DE1 3,COAL,C,,,,1300.5,0,,,,,1,,,,,,,0,1,,,,,,,,,,423983.3261228014,0.3361,inf,0.39591464821222605,1.0,1300.5,inf,1.0
DE1 3 lignite,DE1 3,COAL,C,,,,9760.842000000002,0,,,,,1,,,,,,,0,1,,,,,,,,,,423983.3261228013,0.4069,inf,0.3932043615978762,1.0,9760.842000000002,inf,1.0
DE1 3 oil,DE1 3,CC,G,,,,862.7909999999999,0,,,,,1,,,,,,,0,1,,,,,,,,,,49328.87131304791,0.2571,inf,0.3572059016684768,1.0,862.7909999999999,inf,1.0
DE1 3 waste,DE1 3,LFILL,G,,,,540.405,0,,,,,1,,,,,,,0,1,,,,,,,,,,1026674.8901905596,0.2571,inf,0.27937845042144316,1.0,540.405,inf,1.0
DE1 4 CCGT,DE1 4,CT,C,,,,1774.12419,0,,,,,1,,,,,,,0,1,,,,,,,,,,126431.64689898517,0.198,inf,0.5187790463060656,1.0,1774.12419,inf,1.0
DE1 4 CCGT-c,DE1 4,CT,C,,,,1774.12419,0,,,,,1,,,,,,,0,1,,,,,,,,,,126431.64689898517,0.198,inf,0.5187790463060656,1.0,1774.12419,inf,1.0
DE1 4 OCGT,DE1 4,OGS,G,,,,1636.2516400000002,0,,,,,1,,,,,,,0,1,,,,,,,,,,57122.68042992875,0.198,inf,0.4299999999999999,1.0,1636.2516400000002,inf,1.0
DE1 4 OCGT-c,DE1 4,OGS,G,,,,1636.2516400000002,0,,,,,1,,,,,,,0,1,,,,,,,,,,57122.68042992875,0.198,inf,0.4299999999999999,1.0,1636.2516400000002,inf,1.0
DE1 4 biomass,DE1 4,BIO,B,,,,1046.62442,0,,,,,1,,,,,,,0,1,,,,,,,,,,371372.7528566886,0.0,inf,0.4646368069264044,1.0,1046.62442,inf,1.0
DE1 4 coal,DE1 4,COAL,C,,,,8524.0,0,,,,,1,,,,,,,0,1,,,,,,,,,,423983.3261228014,0.3361,inf,0.4040800066193021,1.0,8524.0,inf,1.0
DE1 4 geothermal,DE1 4,GEO,GEO,,,,7.8,0,,,,,1,,,,,,,0,1,,,,,,,,,,0.0,0.12,inf,1.0,1.0,7.8,inf,1.0
DE1 4 lignite,DE1 4,COAL,C,,,,1.5,0,,,,,1,,,,,,,0,1,,,,,,,,,,423983.3261228014,0.4069,inf,0.33,1.0,1.5,inf,1.0
DE1 4 oil,DE1 4,CC,G,,,,1052.842278,0,,,,,1,,,,,,,0,1,,,,,,,,,,49328.8713130479,0.2571,inf,0.35266184219475266,1.0,1052.842278,inf,1.0
DE1 4 waste,DE1 4,LFILL,G,,,,422.22900000000004,0,,,,,1,,,,,,,0,1,,,,,,,,,,1026674.8901905592,0.2571,inf,0.29808455956364904,1.0,422.22900000000004,inf,1.0
DE1 5 CCGT,DE1 5,CT,C,,,,4450.11228,0,,,,,1,,,,,,,0,1,,,,,,,,,,126431.64689898513,0.198,inf,0.5103098960042178,1.0,4450.11228,inf,1.0
DE1 5 CCGT-c,DE1 5,CT,C,,,,4450.11228,0,,,,,1,,,,,,,0,1,,,,,,,,,,126431.64689898513,0.198,inf,0.5103098960042178,1.0,4450.11228,inf,1.0
DE1 5 OCGT,DE1 5,OGS,G,,,,729.738509,0,,,,,1,,,,,,,0,1,,,,,,,,,,57122.68042992875,0.198,inf,0.4307220394613983,1.0,729.738509,inf,1.0
DE1 5 OCGT-c,DE1 5,OGS,G,,,,729.738509,0,,,,,1,,,,,,,0,1,,,,,,,,,,57122.68042992875,0.198,inf,0.4307220394613983,1.0,729.738509,inf,1.0
DE1 5 biomass,DE1 5,BIO,B,,,,784.555697,0,,,,,1,,,,,,,0,1,,,,,,,,,,371372.75285668863,0.0,inf,0.4659698063425063,1.0,784.555697,inf,1.0
DE1 5 coal,DE1 5,COAL,C,,,,721.1429999999999,0,,,,,1,,,,,,,0,1,,,,,,,,,,423983.32612280146,0.3361,inf,0.3789755826630295,1.0,721.1429999999999,inf,1.0
DE1 5 lignite,DE1 5,COAL,C,,,,75.212,0,,,,,1,,,,,,,0,1,,,,,,,,,,423983.32612280146,0.4069,inf,0.36107163750465354,1.0,75.212,inf,1.0
DE1 5 oil,DE1 5,CC,G,,,,1019.45084,0,,,,,1,,,,,,,0,1,,,,,,,,,,49328.8713130479,0.2571,inf,0.35,1.0,1019.45084,inf,1.0
DE1 5 waste,DE1 5,LFILL,G,,,,524.7399999999999,0,,,,,1,,,,,,,0,1,,,,,,,,,,1026674.8901905594,0.2571,inf,0.25948360902542217,1.0,524.7399999999999,inf,1.0
DK1 0 CCGT,DK1 0,CT,C,,,,1137.2,0,,,,,1,,,,,,,0,1,,,,,,,,,,126431.64689898513,0.198,inf,0.5999999999999999,1.0,1137.2,inf,1.0
DK1 0 CCGT-c,DK1 0,CT,C,,,,1137.2,0,,,,,1,,,,,,,0,1,,,,,,,,,,126431.64689898513,0.198,inf,0.5999999999999999,1.0,1137.2,inf,1.0
DK1 0 biomass,DK1 0,BIO,B,,,,661.0,0,,,,,1,,,,,,,0,1,,,,,,,,,,371372.75285668863,0.0,inf,0.468,1.0,661.0,inf,1.0
DK1 0 coal,DK1 0,COAL,C,,,,716.0,0,,,,,1,,,,,,,0,1,,,,,,,,,,423983.3261228014,0.3361,inf,0.356,1.0,716.0,inf,1.0
DK1 0 waste,DK1 0,LFILL,G,,,,51.0,0,,,,,1,,,,,,,0,1,,,,,,,,,,1026674.8901905594,0.2571,inf,0.2165,1.0,51.0,inf,1.0
DK2 0 CCGT,DK2 0,CT,C,,,,38.0,0,,,,,1,,,,,,,0,1,,,,,,,,,,126431.64689898514,0.198,inf,0.6,1.0,38.0,inf,1.0
DK2 0 CCGT-c,DK2 0,CT,C,,,,38.0,0,,,,,1,,,,,,,0,1,,,,,,,,,,126431.64689898514,0.198,inf,0.6,1.0,38.0,inf,1.0
DK2 0 biomass,DK2 0,BIO,B,,,,1120.0,0,,,,,1,,,,,,,0,1,,,,,,,,,,371372.7528566887,0.0,inf,0.46799999999999997,1.0,1120.0,inf,1.0
DK2 0 oil,DK2 0,CC,G,,,,126.0,0,,,,,1,,,,,,,0,1,,,,,,,,,,49328.8713130479,0.2571,inf,0.35,1.0,126.0,inf,1.0
DK2 0 waste,DK2 0,LFILL,G,,,,102.0,0,,,,,1,,,,,,,0,1,,,,,,,,,,1026674.8901905594,0.2571,inf,0.2165,1.0,102.0,inf,1.0
EE7 0 CCGT,EE7 0,CT,C,,,,207.0,0,,,,,1,,,,,,,0,1,,,,,,,,,,126431.64689898514,0.198,inf,0.6,1.0,207.0,inf,1.0
EE7 0 CCGT-c,EE7 0,CT,C,,,,207.0,0,,,,,1,,,,,,,0,1,,,,,,,,,,126431.64689898514,0.198,inf,0.6,1.0,207.0,inf,1.0
EE7 0 biomass,EE7 0,BIO,B,,,,80.0,0,,,,,1,,,,,,,0,1,,,,,,,,,,371372.7528566886,0.0,inf,0.46799999999999997,1.0,80.0,inf,1.0
EE7 0 oil,EE7 0,CC,G,,,,251.1,0,,,,,1,,,,,,,0,1,,,,,,,,,,49328.8713130479,0.2571,inf,0.35,1.0,251.1,inf,1.0
ES1 0 CCGT,ES1 0,CT,C,,,,26913.399999999998,0,,,,,1,,,,,,,0,1,,,,,,,,,,126431.64689898517,0.198,inf,0.5786223952076678,1.0,26913.399999999998,inf,1.0
ES1 0 CCGT-c,ES1 0,CT,C,,,,26913.399999999998,0,,,,,1,,,,,,,0,1,,,,,,,,,,126431.64689898517,0.198,inf,0.5786223952076678,1.0,26913.399999999998,inf,1.0
ES1 0 biomass,ES1 0,BIO,B,,,,526.1,0,,,,,1,,,,,,,0,1,,,,,,,,,,371372.7528566886,0.0,inf,0.4679999999999999,1.0,526.1,inf,1.0
ES1 0 nuclear,ES1 0,NUC,N,,,,7408.0,0,,,,,1,,,,,,,0,1,,,,,,,,,,947758.9752212986,0.0,inf,0.32600000000000007,1.0,7408.0,inf,0.906
ES1 0 oil,ES1 0,CC,G,,,,285.0,0,,,,,1,,,,,,,0,1,,,,,,,,,,49328.8713130479,0.2571,inf,0.35,1.0,285.0,inf,1.0
ES1 0 waste,ES1 0,LFILL,G,,,,192.25,0,,,,,1,,,,,,,0,1,,,,,,,,,,1026674.8901905594,0.2571,inf,0.21650000000000003,1.0,192.25,inf,1.0
ES4 0 CCGT,ES4 0,CT,C,,,,782.6,0,,,,,1,,,,,,,0,1,,,,,,,,,,126431.64689898514,0.198,inf,0.6,1.0,782.6,inf,1.0
ES4 0 CCGT-c,ES4 0,CT,C,,,,782.6,0,,,,,1,,,,,,,0,1,,,,,,,,,,126431.64689898514,0.198,inf,0.6,1.0,782.6,inf,1.0
ES4 0 lignite,ES4 0,COAL,C,,,,510.0,0,,,,,1,,,,,,,0,1,,,,,,,,,,423983.3261228014,0.4069,inf,0.33,1.0,510.0,inf,1.0
ES4 0 oil,ES4 0,CC,G,,,,349.0,0,,,,,1,,,,,,,0,1,,,,,,,,,,49328.8713130479,0.2571,inf,0.35,1.0,349.0,inf,1.0
ES4 0 waste,ES4 0,LFILL,G,,,,38.0,0,,,,,1,,,,,,,0,1,,,,,,,,,,1026674.8901905594,0.2571,inf,0.2165,1.0,38.0,inf,1.0
FI2 0 CCGT,FI2 0,CT,C,,,,1906.6,0,,,,,1,,,,,,,0,1,,,,,,,,,,126431.64689898514,0.198,inf,0.7078958804753415,1.0,1906.6,inf,1.0
FI2 0 CCGT-c,FI2 0,CT,C,,,,1906.6,0,,,,,1,,,,,,,0,1,,,,,,,,,,126431.64689898514,0.198,inf,0.7078958804753415,1.0,1906.6,inf,1.0
FI2 0 biomass,FI2 0,BIO,B,,,,3800.74,0,,,,,1,,,,,,,0,1,,,,,,,,,,371372.7528566886,0.0,inf,0.4680000000000001,1.0,3800.74,inf,1.0
FI2 0 coal,FI2 0,COAL,C,,,,903.2,0,,,,,1,,,,,,,0,1,,,,,,,,,,423983.32612280134,0.3361,inf,0.356,1.0,903.2,inf,1.0
FI2 0 lignite,FI2 0,COAL,C,,,,150.0,0,,,,,1,,,,,,,0,1,,,,,,,,,,423983.3261228014,0.4069,inf,0.33,1.0,150.0,inf,1.0
FI2 0 nuclear,FI2 0,NUC,N,,,,4622.0,0,,,,,1,,,,,,,0,1,,,,,,,,,,947758.9752212986,0.0,inf,0.326,1.0,4622.0,inf,0.911
FI2 0 oil,FI2 0,CC,G,,,,1100.2,0,,,,,1,,,,,,,0,1,,,,,,,,,,49328.87131304789,0.2571,inf,0.3499999999999999,1.0,1100.2,inf,1.0
FI2 0 waste,FI2 0,LFILL,G,,,,88.0,0,,,,,1,,,,,,,0,1,,,,,,,,,,1026674.8901905594,0.2571,inf,0.2165,1.0,88.0,inf,1.0
FR1 0 CCGT,FR1 0,CT,C,,,,1978.0,0,,,,,1,,,,,,,0,1,,,,,,,,,,126431.64689898514,0.198,inf,0.5937360970677451,1.0,1978.0,inf,1.0
FR1 0 CCGT-c,FR1 0,CT,C,,,,1978.0,0,,,,,1,,,,,,,0,1,,,,,,,,,,126431.64689898514,0.198,inf,0.5937360970677451,1.0,1978.0,inf,1.0
FR1 0 biomass,FR1 0,BIO,B,,,,61.7,0,,,,,1,,,,,,,0,1,,,,,,,,,,371372.75285668863,0.0,inf,0.46799999999999997,1.0,61.7,inf,1.0
FR1 0 coal,FR1 0,COAL,C,,,,125.0,0,,,,,1,,,,,,,0,1,,,,,,,,,,423983.3261228014,0.3361,inf,0.356,1.0,125.0,inf,1.0
FR1 0 geothermal,FR1 0,GEO,GEO,,,,1.7,0,,,,,1,,,,,,,0,1,,,,,,,,,,0.0,0.12,inf,1.0,1.0,1.7,inf,1.0
FR1 0 lignite,FR1 0,COAL,C,,,,977.0,0,,,,,1,,,,,,,0,1,,,,,,,,,,423983.3261228014,0.4069,inf,0.33,1.0,977.0,inf,1.0
FR1 0 nuclear,FR1 0,NUC,N,,,,5448.0,0,,,,,1,,,,,,,0,1,,,,,,,,,,947758.9752212986,0.0,inf,0.326,1.0,5448.0,inf,0.647
FR1 0 oil,FR1 0,CC,G,,,,95.0,0,,,,,1,,,,,,,0,1,,,,,,,,,,49328.8713130479,0.2571,inf,0.35,1.0,95.0,inf,1.0
FR1 0 waste,FR1 0,LFILL,G,,,,20.0,0,,,,,1,,,,,,,0,1,,,,,,,,,,1026674.8901905594,0.2571,inf,0.2165,1.0,20.0,inf,1.0
FR1 1 CCGT,FR1 1,CT,C,,,,231.1,0,,,,,1,,,,,,,0,1,,,,,,,,,,126431.64689898514,0.198,inf,0.6,1.0,231.1,inf,1.0
FR1 1 CCGT-c,FR1 1,CT,C,,,,231.1,0,,,,,1,,,,,,,0,1,,,,,,,,,,126431.64689898514,0.198,inf,0.6,1.0,231.1,inf,1.0
FR1 1 biomass,FR1 1,BIO,B,,,,130.2,0,,,,,1,,,,,,,0,1,,,,,,,,,,371372.75285668863,0.0,inf,0.4680000000000001,1.0,130.2,inf,1.0
FR1 1 nuclear,FR1 1,NUC,N,,,,9652.0,0,,,,,1,,,,,,,0,1,,,,,,,,,,947758.9752212986,0.0,inf,0.32600000000000007,1.0,9652.0,inf,0.647
FR1 1 waste,FR1 1,LFILL,G,,,,40.5,0,,,,,1,,,,,,,0,1,,,,,,,,,,1026674.8901905594,0.2571,inf,0.21649999999999997,1.0,40.5,inf,1.0
FR1 2 CCGT,FR1 2,CT,C,,,,2888.9,0,,,,,1,,,,,,,0,1,,,,,,,,,,126431.64689898513,0.198,inf,0.5837446779050848,1.0,2888.9,inf,1.0
FR1 2 CCGT-c,FR1 2,CT,C,,,,2888.9,0,,,,,1,,,,,,,0,1,,,,,,,,,,126431.64689898513,0.198,inf,0.5837446779050848,1.0,2888.9,inf,1.0
FR1 2 biomass,FR1 2,BIO,B,,,,208.3,0,,,,,1,,,,,,,0,1,,,,,,,,,,371372.75285668863,0.0,inf,0.46799999999999997,1.0,208.3,inf,1.0
FR1 2 nuclear,FR1 2,NUC,N,,,,14130.0,0,,,,,1,,,,,,,0,1,,,,,,,,,,947758.9752212985,0.0,inf,0.3260000000000001,1.0,14130.0,inf,0.647
FR1 2 oil,FR1 2,CC,G,,,,86.0,0,,,,,1,,,,,,,0,1,,,,,,,,,,49328.8713130479,0.2571,inf,0.35,1.0,86.0,inf,1.0
FR1 3 CCGT,FR1 3,CT,C,,,,902.0,0,,,,,1,,,,,,,0,1,,,,,,,,,,126431.64689898514,0.198,inf,0.49492369896960997,1.0,902.0,inf,1.0
FR1 3 CCGT-c,FR1 3,CT,C,,,,902.0,0,,,,,1,,,,,,,0,1,,,,,,,,,,126431.64689898514,0.198,inf,0.49492369896960997,1.0,902.0,inf,1.0
FR1 3 coal,FR1 3,COAL,C,,,,1260.0,0,,,,,1,,,,,,,0,1,,,,,,,,,,423983.3261228014,0.3361,inf,0.356,1.0,1260.0,inf,1.0
FR1 3 nuclear,FR1 3,NUC,N,,,,8230.0,0,,,,,1,,,,,,,0,1,,,,,,,,,,947758.9752212986,0.0,inf,0.326,1.0,8230.0,inf,0.647
FR1 3 oil,FR1 3,CC,G,,,,554.0,0,,,,,1,,,,,,,0,1,,,,,,,,,,49328.8713130479,0.2571,inf,0.35,1.0,554.0,inf,1.0
FR1 4 CCGT,FR1 4,CT,C,,,,4079.7,0,,,,,1,,,,,,,0,1,,,,,,,,,,126431.64689898517,0.198,inf,0.6014339289653652,1.0,4079.7,inf,1.0
FR1 4 CCGT-c,FR1 4,CT,C,,,,4079.7,0,,,,,1,,,,,,,0,1,,,,,,,,,,126431.64689898517,0.198,inf,0.6014339289653652,1.0,4079.7,inf,1.0
FR1 4 biomass,FR1 4,BIO,B,,,,81.039,0,,,,,1,,,,,,,0,1,,,,,,,,,,371372.75285668863,0.0,inf,0.468,1.0,81.039,inf,1.0
FR1 4 nuclear,FR1 4,NUC,N,,,,28230.0,0,,,,,1,,,,,,,0,1,,,,,,,,,,947758.9752212986,0.0,inf,0.32599999999999996,1.0,28230.0,inf,0.647
FR1 4 oil,FR1 4,CC,G,,,,342.0,0,,,,,1,,,,,,,0,1,,,,,,,,,,49328.8713130479,0.2571,inf,0.35,1.0,342.0,inf,1.0
FR1 4 waste,FR1 4,LFILL,G,,,,148.0,0,,,,,1,,,,,,,0,1,,,,,,,,,,1026674.8901905596,0.2571,inf,0.2165,1.0,148.0,inf,1.0
FR5 0 oil,FR5 0,CC,G,,,,231.0,0,,,,,1,,,,,,,0,1,,,,,,,,,,49328.8713130479,0.2571,inf,0.35,1.0,231.0,inf,1.0
GB0 0 CCGT,GB0 0,CT,C,,,,24674.5,0,,,,,1,,,,,,,0,1,,,,,,,,,,126431.64689898514,0.198,inf,0.5985653204725526,1.0,24674.5,inf,1.0
GB0 0 CCGT-c,GB0 0,CT,C,,,,24674.5,0,,,,,1,,,,,,,0,1,,,,,,,,,,126431.64689898514,0.198,inf,0.5985653204725526,1.0,24674.5,inf,1.0
GB0 0 biomass,GB0 0,BIO,B,,,,3083.2,0,,,,,1,,,,,,,0,1,,,,,,,,,,371372.75285668875,0.0,inf,0.46800000000000014,1.0,3083.2,inf,1.0
GB0 0 geothermal,GB0 0,GEO,GEO,,,,2.0,0,,,,,1,,,,,,,0,1,,,,,,,,,,0.0,0.12,inf,1.0,1.0,2.0,inf,1.0
GB0 0 nuclear,GB0 0,NUC,N,,,,1250.0,0,,,,,1,,,,,,,0,1,,,,,,,,,,947758.9752212986,0.0,inf,0.326,1.0,1250.0,inf,0.588
GB0 0 oil,GB0 0,CC,G,,,,252.7,0,,,,,1,,,,,,,0,1,,,,,,,,,,49328.8713130479,0.2571,inf,0.35,1.0,252.7,inf,1.0
GB0 0 waste,GB0 0,LFILL,G,,,,1074.8500000000001,0,,,,,1,,,,,,,0,1,,,,,,,,,,1026674.8901905593,0.2571,inf,0.21649999999999997,1.0,1074.8500000000001,inf,1.0
GB0 1 CCGT,GB0 1,CT,C,,,,8889.699999999999,0,,,,,1,,,,,,,0,1,,,,,,,,,,126431.64689898516,0.198,inf,0.6,1.0,8889.699999999999,inf,1.0
GB0 1 CCGT-c,GB0 1,CT,C,,,,8889.699999999999,0,,,,,1,,,,,,,0,1,,,,,,,,,,126431.64689898516,0.198,inf,0.6,1.0,8889.699999999999,inf,1.0
GB0 1 biomass,GB0 1,BIO,B,,,,1102.7,0,,,,,1,,,,,,,0,1,,,,,,,,,,371372.75285668863,0.0,inf,0.46799999999999997,1.0,1102.7,inf,1.0
GB0 1 nuclear,GB0 1,NUC,N,,,,5284.0,0,,,,,1,,,,,,,0,1,,,,,,,,,,947758.9752212986,0.0,inf,0.326,1.0,5284.0,inf,0.588
GB0 1 oil,GB0 1,CC,G,,,,140.0,0,,,,,1,,,,,,,0,1,,,,,,,,,,49328.8713130479,0.2571,inf,0.35,1.0,140.0,inf,1.0
GB0 1 waste,GB0 1,LFILL,G,,,,691.3,0,,,,,1,,,,,,,0,1,,,,,,,,,,1026674.8901905596,0.2571,inf,0.21650000000000003,1.0,691.3,inf,1.0
GB6 0 CCGT,GB6 0,CT,C,,,,1957.0,0,,,,,1,,,,,,,0,1,,,,,,,,,,126431.64689898514,0.198,inf,0.5999999999999999,1.0,1957.0,inf,1.0
GB6 0 CCGT-c,GB6 0,CT,C,,,,1957.0,0,,,,,1,,,,,,,0,1,,,,,,,,,,126431.64689898514,0.198,inf,0.5999999999999999,1.0,1957.0,inf,1.0
GB6 0 biomass,GB6 0,BIO,B,,,,15.8,0,,,,,1,,,,,,,0,1,,,,,,,,,,371372.75285668863,0.0,inf,0.468,1.0,15.8,inf,1.0
GB6 0 oil,GB6 0,CC,G,,,,63.0,0,,,,,1,,,,,,,0,1,,,,,,,,,,49328.87131304789,0.2571,inf,0.35,1.0,63.0,inf,1.0
GR1 0 CCGT,GR1 0,CT,C,,,,8436.6,0,,,,,1,,,,,,,0,1,,,,,,,,,,126431.64689898514,0.198,inf,0.5984474788421876,1.0,8436.6,inf,1.0
GR1 0 CCGT-c,GR1 0,CT,C,,,,8436.6,0,,,,,1,,,,,,,0,1,,,,,,,,,,126431.64689898514,0.198,inf,0.5984474788421876,1.0,8436.6,inf,1.0
GR1 0 lignite,GR1 0,COAL,C,,,,1280.0,0,,,,,1,,,,,,,0,1,,,,,,,,,,423983.3261228014,0.4069,inf,0.33,1.0,1280.0,inf,1.0
GR1 0 oil,GR1 0,CC,G,,,,1262.0,0,,,,,1,,,,,,,0,1,,,,,,,,,,49328.8713130479,0.2571,inf,0.35,1.0,1262.0,inf,1.0
HR1 0 CCGT,HR1 0,CT,C,,,,1005.8,0,,,,,1,,,,,,,0,1,,,,,,,,,,126431.64689898514,0.198,inf,0.6000000000000001,1.0,1005.8,inf,1.0
HR1 0 CCGT-c,HR1 0,CT,C,,,,1005.8,0,,,,,1,,,,,,,0,1,,,,,,,,,,126431.64689898514,0.198,inf,0.6000000000000001,1.0,1005.8,inf,1.0
HR1 0 coal,HR1 0,COAL,C,,,,342.0,0,,,,,1,,,,,,,0,1,,,,,,,,,,423983.3261228014,0.3361,inf,0.356,1.0,342.0,inf,1.0
HR1 0 geothermal,HR1 0,GEO,GEO,,,,36.1,0,,,,,1,,,,,,,0,1,,,,,,,,,,0.0,0.12,inf,1.0,1.0,36.1,inf,1.0
HR1 0 oil,HR1 0,CC,G,,,,415.0,0,,,,,1,,,,,,,0,1,,,,,,,,,,49328.8713130479,0.2571,inf,0.35,1.0,415.0,inf,1.0
HU1 0 CCGT,HU1 0,CT,C,,,,2573.5,0,,,,,1,,,,,,,0,1,,,,,,,,,,126431.64689898514,0.198,inf,0.5983407810374975,1.0,2573.5,inf,1.0
HU1 0 CCGT-c,HU1 0,CT,C,,,,2573.5,0,,,,,1,,,,,,,0,1,,,,,,,,,,126431.64689898514,0.198,inf,0.5983407810374975,1.0,2573.5,inf,1.0
HU1 0 biomass,HU1 0,BIO,B,,,,303.6,0,,,,,1,,,,,,,0,1,,,,,,,,,,371372.7528566886,0.0,inf,0.46799999999999997,1.0,303.6,inf,1.0
HU1 0 geothermal,HU1 0,GEO,GEO,,,,3.4,0,,,,,1,,,,,,,0,1,,,,,,,,,,0.0,0.12,inf,1.0,1.0,3.4,inf,1.0
HU1 0 lignite,HU1 0,COAL,C,,,,1134.0,0,,,,,1,,,,,,,0,1,,,,,,,,,,423983.3261228014,0.4069,inf,0.32999999999999996,1.0,1134.0,inf,1.0
HU1 0 nuclear,HU1 0,NUC,N,,,,2027.0,0,,,,,1,,,,,,,0,1,,,,,,,,,,947758.9752212986,0.0,inf,0.326,1.0,2027.0,inf,0.899
HU1 0 oil,HU1 0,CC,G,,,,451.0,0,,,,,1,,,,,,,0,1,,,,,,,,,,49328.8713130479,0.2571,inf,0.35,1.0,451.0,inf,1.0
HU1 0 waste,HU1 0,LFILL,G,,,,24.0,0,,,,,1,,,,,,,0,1,,,,,,,,,,1026674.8901905594,0.2571,inf,0.2165,1.0,24.0,inf,1.0
IE6 0 CCGT,IE6 0,CT,C,,,,4688.4,0,,,,,1,,,,,,,0,1,,,,,,,,,,126431.64689898516,0.198,inf,0.5985762733555158,1.0,4688.4,inf,1.0
IE6 0 CCGT-c,IE6 0,CT,C,,,,4688.4,0,,,,,1,,,,,,,0,1,,,,,,,,,,126431.64689898516,0.198,inf,0.5985762733555158,1.0,4688.4,inf,1.0
IE6 0 biomass,IE6 0,BIO,B,,,,38.4,0,,,,,1,,,,,,,0,1,,,,,,,,,,371372.75285668863,0.0,inf,0.468,1.0,38.4,inf,1.0
IE6 0 lignite,IE6 0,COAL,C,,,,253.0,0,,,,,1,,,,,,,0,1,,,,,,,,,,423983.3261228014,0.4069,inf,0.33,1.0,253.0,inf,1.0
IE6 0 oil,IE6 0,CC,G,,,,480.0,0,,,,,1,,,,,,,0,1,,,,,,,,,,49328.8713130479,0.2571,inf,0.35,1.0,480.0,inf,1.0
IE6 0 waste,IE6 0,LFILL,G,,,,85.0,0,,,,,1,,,,,,,0,1,,,,,,,,,,1026674.8901905596,0.2571,inf,0.21650000000000003,1.0,85.0,inf,1.0
IT1 0 CCGT,IT1 0,CT,C,,,,29500.1,0,,,,,1,,,,,,,0,1,,,,,,,,,,126431.64689898516,0.198,inf,0.568610692633243,1.0,29500.1,inf,1.0
IT1 0 CCGT-c,IT1 0,CT,C,,,,29500.1,0,,,,,1,,,,,,,0,1,,,,,,,,,,126431.64689898516,0.198,inf,0.568610692633243,1.0,29500.1,inf,1.0
IT1 0 biomass,IT1 0,BIO,B,,,,70.88,0,,,,,1,,,,,,,0,1,,,,,,,,,,371372.75285668863,0.0,inf,0.46799999999999997,1.0,70.88,inf,1.0
IT1 0 geothermal,IT1 0,GEO,GEO,,,,834.0,0,,,,,1,,,,,,,0,1,,,,,,,,,,0.0,0.12,inf,1.0,1.0,834.0,inf,1.0
IT1 0 oil,IT1 0,CC,G,,,,151.0,0,,,,,1,,,,,,,0,1,,,,,,,,,,49328.8713130479,0.2571,inf,0.35,1.0,151.0,inf,1.0
IT1 0 waste,IT1 0,LFILL,G,,,,268.6,0,,,,,1,,,,,,,0,1,,,,,,,,,,1026674.8901905593,0.2571,inf,0.21649999999999997,1.0,268.6,inf,1.0
IT1 1 CCGT,IT1 1,CT,C,,,,17054.300000000003,0,,,,,1,,,,,,,0,1,,,,,,,,,,126431.64689898513,0.198,inf,0.5968181818181819,1.0,17054.300000000003,inf,1.0
IT1 1 CCGT-c,IT1 1,CT,C,,,,17054.300000000003,0,,,,,1,,,,,,,0,1,,,,,,,,,,126431.64689898513,0.198,inf,0.5968181818181819,1.0,17054.300000000003,inf,1.0
IT1 1 biomass,IT1 1,BIO,B,,,,185.2,0,,,,,1,,,,,,,0,1,,,,,,,,,,371372.75285668863,0.0,inf,0.4680000000000001,1.0,185.2,inf,1.0
IT1 1 oil,IT1 1,CC,G,,,,603.0,0,,,,,1,,,,,,,0,1,,,,,,,,,,49328.8713130479,0.2571,inf,0.35,1.0,603.0,inf,1.0
IT1 1 waste,IT1 1,LFILL,G,,,,107.5,0,,,,,1,,,,,,,0,1,,,,,,,,,,1026674.8901905594,0.2571,inf,0.2165,1.0,107.5,inf,1.0
IT3 0 CCGT,IT3 0,CT,C,,,,736.0,0,,,,,1,,,,,,,0,1,,,,,,,,,,126431.64689898514,0.198,inf,0.6,1.0,736.0,inf,1.0
IT3 0 CCGT-c,IT3 0,CT,C,,,,736.0,0,,,,,1,,,,,,,0,1,,,,,,,,,,126431.64689898514,0.198,inf,0.6,1.0,736.0,inf,1.0
IT3 0 biomass,IT3 0,BIO,B,,,,22.8,0,,,,,1,,,,,,,0,1,,,,,,,,,,371372.75285668863,0.0,inf,0.468,1.0,22.8,inf,1.0
IT3 0 coal,IT3 0,COAL,C,,,,1230.0,0,,,,,1,,,,,,,0,1,,,,,,,,,,423983.3261228014,0.3361,inf,0.356,1.0,1230.0,inf,1.0
IT3 0 oil,IT3 0,CC,G,,,,357.0,0,,,,,1,,,,,,,0,1,,,,,,,,,,49328.8713130479,0.2571,inf,0.35,1.0,357.0,inf,1.0
LT7 0 CCGT,LT7 0,CT,C,,,,1148.0,0,,,,,1,,,,,,,0,1,,,,,,,,,,126431.64689898514,0.198,inf,0.6,1.0,1148.0,inf,1.0
LT7 0 CCGT-c,LT7 0,CT,C,,,,1148.0,0,,,,,1,,,,,,,0,1,,,,,,,,,,126431.64689898514,0.198,inf,0.6,1.0,1148.0,inf,1.0
LT7 0 biomass,LT7 0,BIO,B,,,,80.0,0,,,,,1,,,,,,,0,1,,,,,,,,,,371372.75285668863,0.0,inf,0.468,1.0,80.0,inf,1.0
LT7 0 waste,LT7 0,LFILL,G,,,,64.0,0,,,,,1,,,,,,,0,1,,,,,,,,,,1026674.8901905594,0.2571,inf,0.2165,1.0,64.0,inf,1.0
LU1 0 biomass,LU1 0,BIO,B,,,,2.8,0,,,,,1,,,,,,,0,1,,,,,,,,,,371372.75285668863,0.0,inf,0.468,1.0,2.8,inf,1.0
LU1 0 waste,LU1 0,LFILL,G,,,,15.0,0,,,,,1,,,,,,,0,1,,,,,,,,,,1026674.8901905594,0.2571,inf,0.2165,1.0,15.0,inf,1.0
LV7 0 CCGT,LV7 0,CT,C,,,,1087.0,0,,,,,1,,,,,,,0,1,,,,,,,,,,126431.64689898516,0.198,inf,0.6,1.0,1087.0,inf,1.0
LV7 0 CCGT-c,LV7 0,CT,C,,,,1087.0,0,,,,,1,,,,,,,0,1,,,,,,,,,,126431.64689898516,0.198,inf,0.6,1.0,1087.0,inf,1.0
LV7 0 biomass,LV7 0,BIO,B,,,,23.0,0,,,,,1,,,,,,,0,1,,,,,,,,,,371372.75285668863,0.0,inf,0.468,1.0,23.0,inf,1.0
ME1 0 lignite,ME1 0,COAL,C,,,,225.0,0,,,,,1,,,,,,,0,1,,,,,,,,,,423983.3261228014,0.4069,inf,0.33,1.0,225.0,inf,1.0
MK1 0 CCGT,MK1 0,CT,C,,,,220.0,0,,,,,1,,,,,,,0,1,,,,,,,,,,126431.64689898514,0.198,inf,0.6,1.0,220.0,inf,1.0
MK1 0 CCGT-c,MK1 0,CT,C,,,,220.0,0,,,,,1,,,,,,,0,1,,,,,,,,,,126431.64689898514,0.198,inf,0.6,1.0,220.0,inf,1.0
MK1 0 lignite,MK1 0,COAL,C,,,,824.0,0,,,,,1,,,,,,,0,1,,,,,,,,,,423983.3261228014,0.4069,inf,0.33,1.0,824.0,inf,1.0
MK1 0 oil,MK1 0,CC,G,,,,198.0,0,,,,,1,,,,,,,0,1,,,,,,,,,,49328.8713130479,0.2571,inf,0.35,1.0,198.0,inf,1.0
NL1 0 CCGT,NL1 0,CT,C,,,,14198.5,0,,,,,1,,,,,,,0,1,,,,,,,,,,126431.64689898514,0.198,inf,0.4957204885999814,1.0,14198.5,inf,1.0
NL1 0 CCGT-c,NL1 0,CT,C,,,,14198.5,0,,,,,1,,,,,,,0,1,,,,,,,,,,126431.64689898514,0.198,inf,0.4957204885999814,1.0,14198.5,inf,1.0
NL1 0 biomass,NL1 0,BIO,B,,,,877.0,0,,,,,1,,,,,,,0,1,,,,,,,,,,371372.75285668863,0.0,inf,0.4680000000000001,1.0,877.0,inf,1.0
NL1 0 coal,NL1 0,COAL,C,,,,4706.0,0,,,,,1,,,,,,,0,1,,,,,,,,,,423983.32612280134,0.3361,inf,0.356,1.0,4706.0,inf,1.0
NL1 0 nuclear,NL1 0,NUC,N,,,,515.0,0,,,,,1,,,,,,,0,1,,,,,,,,,,947758.9752212986,0.0,inf,0.326,1.0,515.0,inf,0.917
NL1 0 waste,NL1 0,LFILL,G,,,,696.2,0,,,,,1,,,,,,,0,1,,,,,,,,,,1026674.8901905593,0.2571,inf,0.21649999999999997,1.0,696.2,inf,1.0
NO2 0 CCGT,NO2 0,CT,C,,,,753.0,0,,,,,1,,,,,,,0,1,,,,,,,,,,126431.64689898514,0.198,inf,0.6,1.0,753.0,inf,1.0
NO2 0 CCGT-c,NO2 0,CT,C,,,,753.0,0,,,,,1,,,,,,,0,1,,,,,,,,,,126431.64689898514,0.198,inf,0.6,1.0,753.0,inf,1.0
PL1 0 CCGT,PL1 0,CT,C,,,,6702.0,0,,,,,1,,,,,,,0,1,,,,,,,,,,126431.64689898514,0.198,inf,0.6,1.0,6702.0,inf,1.0
PL1 0 CCGT-c,PL1 0,CT,C,,,,6702.0,0,,,,,1,,,,,,,0,1,,,,,,,,,,126431.64689898514,0.198,inf,0.6,1.0,6702.0,inf,1.0
PL1 0 biomass,PL1 0,BIO,B,,,,678.0,0,,,,,1,,,,,,,0,1,,,,,,,,,,371372.7528566887,0.0,inf,0.46799999999999997,1.0,678.0,inf,1.0
PL1 0 coal,PL1 0,COAL,C,,,,13098.5,0,,,,,1,,,,,,,0,1,,,,,,,,,,423983.32612280134,0.3361,inf,0.356,1.0,13098.5,inf,1.0
PL1 0 lignite,PL1 0,COAL,C,,,,8193.0,0,,,,,1,,,,,,,0,1,,,,,,,,,,423983.32612280134,0.4069,inf,0.33,1.0,8193.0,inf,1.0
PL1 0 waste,PL1 0,LFILL,G,,,,16.0,0,,,,,1,,,,,,,0,1,,,,,,,,,,1026674.8901905594,0.2571,inf,0.2165,1.0,16.0,inf,1.0
PT1 0 CCGT,PT1 0,CT,C,,,,4186.0,0,,,,,1,,,,,,,0,1,,,,,,,,,,126431.64689898514,0.198,inf,0.5889823220258001,1.0,4186.0,inf,1.0
PT1 0 CCGT-c,PT1 0,CT,C,,,,4186.0,0,,,,,1,,,,,,,0,1,,,,,,,,,,126431.64689898514,0.198,inf,0.5889823220258001,1.0,4186.0,inf,1.0
PT1 0 biomass,PT1 0,BIO,B,,,,379.59000000000003,0,,,,,1,,,,,,,0,1,,,,,,,,,,371372.7528566886,0.0,inf,0.46799999999999997,1.0,379.59000000000003,inf,1.0
PT1 0 oil,PT1 0,CC,G,,,,91.0,0,,,,,1,,,,,,,0,1,,,,,,,,,,49328.8713130479,0.2571,inf,0.35,1.0,91.0,inf,1.0
PT1 0 waste,PT1 0,LFILL,G,,,,76.5,0,,,,,1,,,,,,,0,1,,,,,,,,,,1026674.8901905594,0.2571,inf,0.2165,1.0,76.5,inf,1.0
RO1 0 CCGT,RO1 0,CT,C,,,,3679.8,0,,,,,1,,,,,,,0,1,,,,,,,,,,126431.64689898514,0.198,inf,0.6,1.0,3679.8,inf,1.0
RO1 0 CCGT-c,RO1 0,CT,C,,,,3679.8,0,,,,,1,,,,,,,0,1,,,,,,,,,,126431.64689898514,0.198,inf,0.6,1.0,3679.8,inf,1.0
RO1 0 biomass,RO1 0,BIO,B,,,,30.0,0,,,,,1,,,,,,,0,1,,,,,,,,,,371372.75285668863,0.0,inf,0.468,1.0,30.0,inf,1.0
RO1 0 coal,RO1 0,COAL,C,,,,260.0,0,,,,,1,,,,,,,0,1,,,,,,,,,,423983.3261228014,0.3361,inf,0.356,1.0,260.0,inf,1.0
RO1 0 lignite,RO1 0,COAL,C,,,,4130.0,0,,,,,1,,,,,,,0,1,,,,,,,,,,423983.3261228014,0.4069,inf,0.33,1.0,4130.0,inf,1.0
RO1 0 nuclear,RO1 0,NUC,N,,,,1411.0,0,,,,,1,,,,,,,0,1,,,,,,,,,,947758.9752212986,0.0,inf,0.326,1.0,1411.0,inf,0.922
RO1 0 oil,RO1 0,CC,G,,,,100.0,0,,,,,1,,,,,,,0,1,,,,,,,,,,49328.8713130479,0.2571,inf,0.35,1.0,100.0,inf,1.0
RS1 0 CCGT,RS1 0,CT,C,,,,594.0,0,,,,,1,,,,,,,0,1,,,,,,,,,,126431.64689898514,0.198,inf,0.5999999999999999,1.0,594.0,inf,1.0
RS1 0 CCGT-c,RS1 0,CT,C,,,,594.0,0,,,,,1,,,,,,,0,1,,,,,,,,,,126431.64689898514,0.198,inf,0.5999999999999999,1.0,594.0,inf,1.0
RS1 0 biomass,RS1 0,BIO,B,,,,7.199999999999999,0,,,,,1,,,,,,,0,1,,,,,,,,,,371372.7528566887,0.0,inf,0.4680000000000001,1.0,7.199999999999999,inf,1.0
RS1 0 lignite,RS1 0,COAL,C,,,,4817.0,0,,,,,1,,,,,,,0,1,,,,,,,,,,423983.3261228014,0.4069,inf,0.33,1.0,4817.0,inf,1.0
RS1 0 waste,RS1 0,LFILL,G,,,,30.0,0,,,,,1,,,,,,,0,1,,,,,,,,,,1026674.8901905594,0.2571,inf,0.2165,1.0,30.0,inf,1.0
SE2 0 CCGT,SE2 0,CT,C,,,,790.0,0,,,,,1,,,,,,,0,1,,,,,,,,,,126431.64689898516,0.198,inf,0.5999999999999999,1.0,790.0,inf,1.0
SE2 0 CCGT-c,SE2 0,CT,C,,,,790.0,0,,,,,1,,,,,,,0,1,,,,,,,,,,126431.64689898516,0.198,inf,0.5999999999999999,1.0,790.0,inf,1.0
SE2 0 biomass,SE2 0,BIO,B,,,,3185.6000000000004,0,,,,,1,,,,,,,0,1,,,,,,,,,,371372.7528566886,0.0,inf,0.46799999999999997,1.0,3185.6000000000004,inf,1.0
SE2 0 nuclear,SE2 0,NUC,N,,,,7184.0,0,,,,,1,,,,,,,0,1,,,,,,,,,,947758.9752212986,0.0,inf,0.32599999999999996,1.0,7184.0,inf,0.724
SE2 0 oil,SE2 0,CC,G,,,,3109.0,0,,,,,1,,,,,,,0,1,,,,,,,,,,49328.87131304791,0.2571,inf,0.35000000000000003,1.0,3109.0,inf,1.0
SE2 0 waste,SE2 0,LFILL,G,,,,452.1,0,,,,,1,,,,,,,0,1,,,,,,,,,,1026674.8901905593,0.2571,inf,0.2165,1.0,452.1,inf,1.0
SI1 0 CCGT,SI1 0,CT,C,,,,198.0,0,,,,,1,,,,,,,0,1,,,,,,,,,,126431.64689898514,0.198,inf,0.6,1.0,198.0,inf,1.0
SI1 0 CCGT-c,SI1 0,CT,C,,,,198.0,0,,,,,1,,,,,,,0,1,,,,,,,,,,126431.64689898514,0.198,inf,0.6,1.0,198.0,inf,1.0
SI1 0 coal,SI1 0,COAL,C,,,,124.0,0,,,,,1,,,,,,,0,1,,,,,,,,,,423983.3261228014,0.3361,inf,0.356,1.0,124.0,inf,1.0
SI1 0 lignite,SI1 0,COAL,C,,,,1355.0,0,,,,,1,,,,,,,0,1,,,,,,,,,,423983.3261228014,0.4069,inf,0.33,1.0,1355.0,inf,1.0
SI1 0 nuclear,SI1 0,NUC,N,,,,727.0,0,,,,,1,,,,,,,0,1,,,,,,,,,,947758.9752212986,0.0,inf,0.326,1.0,727.0,inf,0.993
SK1 0 CCGT,SK1 0,CT,C,,,,1076.0,0,,,,,1,,,,,,,0,1,,,,,,,,,,126431.64689898513,0.198,inf,0.6,1.0,1076.0,inf,1.0
SK1 0 CCGT-c,SK1 0,CT,C,,,,1076.0,0,,,,,1,,,,,,,0,1,,,,,,,,,,126431.64689898513,0.198,inf,0.6,1.0,1076.0,inf,1.0
SK1 0 coal,SK1 0,COAL,C,,,,208.0,0,,,,,1,,,,,,,0,1,,,,,,,,,,423983.3261228014,0.3361,inf,0.356,1.0,208.0,inf,1.0
SK1 0 nuclear,SK1 0,NUC,N,,,,2942.0,0,,,,,1,,,,,,,0,1,,,,,,,,,,947758.9752212986,0.0,inf,0.32599999999999996,1.0,2942.0,inf,0.897
XK1 0 lignite,XK1 0,COAL,C,,,,1480.0,0,,,,,1,,,,,,,0,1,,,,,,,,,,423983.3261228014,0.4069,inf,0.33,1.0,1480.0,inf,1.0
AL1 0 0 solar,AL1 0,PV,S,,,,354.2,0,,,,,1,,,,,,,0,1,,,,,,,,,,36897.489084132285,0.0,40.0,1.0,1.0,354.2,54290.33449404525,1.0
AL1 0 0 solar-c,AL1 0,PV,S,,,,354.2,0,,,,,1,,,,,,,0,1,,,,,,,,,,36897.489084132285,0.0,40.0,1.0,1.0,354.2,54290.33449404525,1.0
AT1 0 0 solar,AT1 0,PV,S,,,,915.7764,0,,,,,1,,,,,,,0,1,,,,,,,,,,36897.489084132285,0.0,40.0,1.0,1.0,915.7764,176044.83271931342,1.0
AT1 0 0 solar-c,AT1 0,PV,S,,,,915.7764,0,,,,,1,,,,,,,0,1,,,,,,,,,,36897.489084132285,0.0,40.0,1.0,1.0,915.7764,176044.83271931342,1.0
BA1 0 0 solar,BA1 0,PV,S,,,,564.5,0,,,,,1,,,,,,,0,1,,,,,,,,,,36897.489084132285,0.0,40.0,1.0,1.0,564.5,87204.36650858405,1.0
BA1 0 0 solar-c,BA1 0,PV,S,,,,564.5,0,,,,,1,,,,,,,0,1,,,,,,,,,,36897.489084132285,0.0,40.0,1.0,1.0,564.5,87204.36650858405,1.0
BE1 0 0 solar,BE1 0,PV,S,,,,937.6,0,,,,,1,,,,,,,0,1,,,,,,,,,,36897.489084132285,0.0,40.0,1.0,1.0,937.6,106452.25865164434,1.0
BE1 0 0 solar-c,BE1 0,PV,S,,,,937.6,0,,,,,1,,,,,,,0,1,,,,,,,,,,36897.489084132285,0.0,40.0,1.0,1.0,937.6,106452.25865164434,1.0
BG1 0 0 solar,BG1 0,PV,S,,,,3604.0,0,,,,,1,,,,,,,0,1,,,,,,,,,,36897.489084132285,0.0,40.0,1.0,1.0,3604.0,232654.18209797103,1.0
BG1 0 0 solar-c,BG1 0,PV,S,,,,3604.0,0,,,,,1,,,,,,,0,1,,,,,,,,,,36897.489084132285,0.0,40.0,1.0,1.0,3604.0,232654.18209797103,1.0
CH1 0 0 solar,CH1 0,PV,S,,,,98.79724,0,,,,,1,,,,,,,0,1,,,,,,,,,,36897.489084132285,0.0,40.0,1.0,1.0,98.79724,125369.50596990428,1.0
CH1 0 0 solar-c,CH1 0,PV,S,,,,98.79724,0,,,,,1,,,,,,,0,1,,,,,,,,,,36897.489084132285,0.0,40.0,1.0,1.0,98.79724,125369.50596990428,1.0
CZ1 0 0 solar,CZ1 0,PV,S,,,,2957.005,0,,,,,1,,,,,,,0,1,,,,,,,,,,36897.489084132285,0.0,40.0,1.0,1.0,2957.005,209640.9218029622,1.0
CZ1 0 0 solar-c,CZ1 0,PV,S,,,,2957.005,0,,,,,1,,,,,,,0,1,,,,,,,,,,36897.489084132285,0.0,40.0,1.0,1.0,2957.005,209640.9218029622,1.0
DE1 0 0 solar,DE1 0,PV,S,,,,6406.001422,0,,,,,1,,,,,,,0,1,,,,,,,,,,36897.489084132285,0.0,40.0,1.0,1.0,6406.001422,248424.97213321406,1.0
DE1 0 0 solar-c,DE1 0,PV,S,,,,6406.001422,0,,,,,1,,,,,,,0,1,,,,,,,,,,36897.489084132285,0.0,40.0,1.0,1.0,6406.001422,248424.97213321406,1.0
DE1 1 0 solar,DE1 1,PV,S,,,,11015.850433,0,,,,,1,,,,,,,0,1,,,,,,,,,,36897.489084132285,0.0,40.0,1.0,1.0,11015.850433,181841.70885725986,1.0
DE1 1 0 solar-c,DE1 1,PV,S,,,,11015.850433,0,,,,,1,,,,,,,0,1,,,,,,,,,,36897.489084132285,0.0,40.0,1.0,1.0,11015.850433,181841.70885725986,1.0
DE1 2 0 solar,DE1 2,PV,S,,,,4955.460663,0,,,,,1,,,,,,,0,1,,,,,,,,,,36897.489084132285,0.0,40.0,1.0,1.0,4955.460663,143000.11224852654,1.0
DE1 2 0 solar-c,DE1 2,PV,S,,,,4955.460663,0,,,,,1,,,,,,,0,1,,,,,,,,,,36897.489084132285,0.0,40.0,1.0,1.0,4955.460663,143000.11224852654,1.0
DE1 3 0 solar,DE1 3,PV,S,,,,16465.81246,0,,,,,1,,,,,,,0,1,,,,,,,,,,36897.489084132285,0.0,40.0,1.0,1.0,16465.81246,249020.29135283447,1.0
DE1 3 0 solar-c,DE1 3,PV,S,,,,16465.81246,0,,,,,1,,,,,,,0,1,,,,,,,,,,36897.489084132285,0.0,40.0,1.0,1.0,16465.81246,249020.29135283447,1.0
DE1 4 0 solar,DE1 4,PV,S,,,,6546.268996,0,,,,,1,,,,,,,0,1,,,,,,,,,,36897.489084132285,0.0,40.0,1.0,1.0,6546.268996,143222.5221767725,1.0
DE1 4 0 solar-c,DE1 4,PV,S,,,,6546.268996,0,,,,,1,,,,,,,0,1,,,,,,,,,,36897.489084132285,0.0,40.0,1.0,1.0,6546.268996,143222.5221767725,1.0
DE1 5 0 solar,DE1 5,PV,S,,,,3476.760046,0,,,,,1,,,,,,,0,1,,,,,,,,,,36897.489084132285,0.0,40.0,1.0,1.0,3476.760046,121970.92432346678,1.0
DE1 5 0 solar-c,DE1 5,PV,S,,,,3476.760046,0,,,,,1,,,,,,,0,1,,,,,,,,,,36897.489084132285,0.0,40.0,1.0,1.0,3476.760046,121970.92432346678,1.0
DK1 0 0 solar,DK1 0,PV,S,,,,2529.5,0,,,,,1,,,,,,,0,1,,,,,,,,,,36897.489084132285,0.0,40.0,1.0,1.0,2529.5,121868.8730338131,1.0
DK1 0 0 solar-c,DK1 0,PV,S,,,,2529.5,0,,,,,1,,,,,,,0,1,,,,,,,,,,36897.489084132285,0.0,40.0,1.0,1.0,2529.5,121868.8730338131,1.0
DK2 0 0 solar,DK2 0,PV,S,,,,854.4,0,,,,,1,,,,,,,0,1,,,,,,,,,,36897.489084132285,0.0,40.0,1.0,1.0,854.4,37827.7972723254,1.0
DK2 0 0 solar-c,DK2 0,PV,S,,,,854.4,0,,,,,1,,,,,,,0,1,,,,,,,,,,36897.489084132285,0.0,40.0,1.0,1.0,854.4,37827.7972723254,1.0
EE7 0 0 solar,EE7 0,PV,S,,,,1158.7,0,,,,,1,,,,,,,0,1,,,,,,,,,,36897.489084132285,0.0,40.0,1.0,1.0,1158.7,62170.82521765836,1.0
EE7 0 0 solar-c,EE7 0,PV,S,,,,1158.7,0,,,,,1,,,,,,,0,1,,,,,,,,,,36897.489084132285,0.0,40.0,1.0,1.0,1158.7,62170.82521765836,1.0
ES1 0 0 solar,ES1 0,PV,S,,,,40876.9,0,,,,,1,,,,,,,0,1,,,,,,,,,,36897.489084132285,0.0,40.0,1.0,1.0,40876.9,1084355.210563122,1.0
ES1 0 0 solar-c,ES1 0,PV,S,,,,40876.9,0,,,,,1,,,,,,,0,1,,,,,,,,,,36897.489084132285,0.0,40.0,1.0,1.0,40876.9,1084355.210563122,1.0
ES4 0 0 solar,ES4 0,PV,S,,,,391.6,0,,,,,1,,,,,,,0,1,,,,,,,,,,36897.489084132285,0.0,40.0,1.0,1.0,391.6,11849.058157627023,1.0
ES4 0 0 solar-c,ES4 0,PV,S,,,,391.6,0,,,,,1,,,,,,,0,1,,,,,,,,,,36897.489084132285,0.0,40.0,1.0,1.0,391.6,11849.058157627023,1.0
FI2 0 0 solar,FI2 0,PV,S,,,,253.4,0,,,,,1,,,,,,,0,1,,,,,,,,,,36897.489084132285,0.0,40.0,1.0,1.0,253.4,112728.41978261573,1.0
FI2 0 0 solar-c,FI2 0,PV,S,,,,253.4,0,,,,,1,,,,,,,0,1,,,,,,,,,,36897.489084132285,0.0,40.0,1.0,1.0,253.4,112728.41978261573,1.0
FR1 0 0 solar,FR1 0,PV,S,,,,1294.51398,0,,,,,1,,,,,,,0,1,,,,,,,,,,36897.489084132285,0.0,40.0,1.0,1.0,1294.51398,183865.56180281437,1.0
FR1 0 0 solar-c,FR1 0,PV,S,,,,1294.51398,0,,,,,1,,,,,,,0,1,,,,,,,,,,36897.489084132285,0.0,40.0,1.0,1.0,1294.51398,183865.56180281437,1.0
FR1 1 0 solar,FR1 1,PV,S,,,,5441.3,0,,,,,1,,,,,,,0,1,,,,,,,,,,36897.489084132285,0.0,40.0,1.0,1.0,5441.3,432275.8191788811,1.0
FR1 1 0 solar-c,FR1 1,PV,S,,,,5441.3,0,,,,,1,,,,,,,0,1,,,,,,,,,,36897.489084132285,0.0,40.0,1.0,1.0,5441.3,432275.8191788811,1.0
FR1 2 0 solar,FR1 2,PV,S,,,,3527.9,0,,,,,1,,,,,,,0,1,,,,,,,,,,36897.489084132285,0.0,40.0,1.0,1.0,3527.9,280712.3428521933,1.0
FR1 2 0 solar-c,FR1 2,PV,S,,,,3527.9,0,,,,,1,,,,,,,0,1,,,,,,,,,,36897.489084132285,0.0,40.0,1.0,1.0,3527.9,280712.3428521933,1.0
FR1 3 0 solar,FR1 3,PV,S,,,,819.2,0,,,,,1,,,,,,,0,1,,,,,,,,,,36897.489084132285,0.0,40.0,1.0,1.0,819.2,359328.88582188776,1.0
FR1 3 0 solar-c,FR1 3,PV,S,,,,819.2,0,,,,,1,,,,,,,0,1,,,,,,,,,,36897.489084132285,0.0,40.0,1.0,1.0,819.2,359328.88582188776,1.0
FR1 4 0 solar,FR1 4,PV,S,,,,2155.9,0,,,,,1,,,,,,,0,1,,,,,,,,,,36897.489084132285,0.0,40.0,1.0,1.0,2155.9,418204.18414698925,1.0
FR1 4 0 solar-c,FR1 4,PV,S,,,,2155.9,0,,,,,1,,,,,,,0,1,,,,,,,,,,36897.489084132285,0.0,40.0,1.0,1.0,2155.9,418204.18414698925,1.0
FR5 0 0 solar,FR5 0,PV,S,,,,0.0,0,,,,,1,,,,,,,0,1,,,,,,,,,,36897.489084132285,0.0,40.0,1.0,1.0,0.0,7731.042956484808,1.0
FR5 0 0 solar-c,FR5 0,PV,S,,,,0.0,0,,,,,1,,,,,,,0,1,,,,,,,,,,36897.489084132285,0.0,40.0,1.0,1.0,0.0,7731.042956484808,1.0
GB0 0 0 solar,GB0 0,PV,S,,,,11826.2,0,,,,,1,,,,,,,0,1,,,,,,,,,,36897.489084132285,0.0,40.0,1.0,1.0,11826.2,471118.8564914346,1.0
GB0 0 0 solar-c,GB0 0,PV,S,,,,11826.2,0,,,,,1,,,,,,,0,1,,,,,,,,,,36897.489084132285,0.0,40.0,1.0,1.0,11826.2,471118.8564914346,1.0
GB0 1 0 solar,GB0 1,PV,S,,,,1592.4,0,,,,,1,,,,,,,0,1,,,,,,,,,,36897.489084132285,0.0,40.0,1.0,1.0,1592.4,327472.66762385506,1.0
GB0 1 0 solar-c,GB0 1,PV,S,,,,1592.4,0,,,,,1,,,,,,,0,1,,,,,,,,,,36897.489084132285,0.0,40.0,1.0,1.0,1592.4,327472.66762385506,1.0
GB6 0 0 solar,GB6 0,PV,S,,,,209.3,0,,,,,1,,,,,,,0,1,,,,,,,,,,36897.489084132285,0.0,40.0,1.0,1.0,209.3,58245.26530781309,1.0
GB6 0 0 solar-c,GB6 0,PV,S,,,,209.3,0,,,,,1,,,,,,,0,1,,,,,,,,,,36897.489084132285,0.0,40.0,1.0,1.0,209.3,58245.26530781309,1.0
GR1 0 0 solar,GR1 0,PV,S,,,,11358.7,0,,,,,1,,,,,,,0,1,,,,,,,,,,36897.489084132285,0.0,40.0,1.0,1.0,11358.7,214996.1946475428,1.0
GR1 0 0 solar-c,GR1 0,PV,S,,,,11358.7,0,,,,,1,,,,,,,0,1,,,,,,,,,,36897.489084132285,0.0,40.0,1.0,1.0,11358.7,214996.1946475428,1.0
HR1 0 0 solar,HR1 0,PV,S,,,,366.8,0,,,,,1,,,,,,,0,1,,,,,,,,,,36897.489084132285,0.0,40.0,1.0,1.0,366.8,82125.78113268904,1.0
HR1 0 0 solar-c,HR1 0,PV,S,,,,366.8,0,,,,,1,,,,,,,0,1,,,,,,,,,,36897.489084132285,0.0,40.0,1.0,1.0,366.8,82125.78113268904,1.0
HU1 0 0 solar,HU1 0,PV,S,,,,4064.9,0,,,,,1,,,,,,,0,1,,,,,,,,,,36897.489084132285,0.0,40.0,1.0,1.0,4064.9,300384.8464203963,1.0
HU1 0 0 solar-c,HU1 0,PV,S,,,,4064.9,0,,,,,1,,,,,,,0,1,,,,,,,,,,36897.489084132285,0.0,40.0,1.0,1.0,4064.9,300384.8464203963,1.0
IE6 0 0 solar,IE6 0,PV,S,,,,1394.7,0,,,,,1,,,,,,,0,1,,,,,,,,,,36897.489084132285,0.0,40.0,1.0,1.0,1394.7,224074.37060456263,1.0
IE6 0 0 solar-c,IE6 0,PV,S,,,,1394.7,0,,,,,1,,,,,,,0,1,,,,,,,,,,36897.489084132285,0.0,40.0,1.0,1.0,1394.7,224074.37060456263,1.0
IT1 0 0 solar,IT1 0,PV,S,,,,2559.5,0,,,,,1,,,,,,,0,1,,,,,,,,,,36897.489084132285,0.0,40.0,1.0,1.0,2559.5,386651.5831986821,1.0
IT1 0 0 solar-c,IT1 0,PV,S,,,,2559.5,0,,,,,1,,,,,,,0,1,,,,,,,,,,36897.489084132285,0.0,40.0,1.0,1.0,2559.5,386651.5831986821,1.0
IT1 1 0 solar,IT1 1,PV,S,,,,3290.9,0,,,,,1,,,,,,,0,1,,,,,,,,,,36897.489084132285,0.0,40.0,1.0,1.0,3290.9,338831.57827396964,1.0
IT1 1 0 solar-c,IT1 1,PV,S,,,,3290.9,0,,,,,1,,,,,,,0,1,,,,,,,,,,36897.489084132285,0.0,40.0,1.0,1.0,3290.9,338831.57827396964,1.0
IT3 0 0 solar,IT3 0,PV,S,,,,587.6,0,,,,,1,,,,,,,0,1,,,,,,,,,,36897.489084132285,0.0,40.0,1.0,1.0,587.6,42235.337436742004,1.0
IT3 0 0 solar-c,IT3 0,PV,S,,,,587.6,0,,,,,1,,,,,,,0,1,,,,,,,,,,36897.489084132285,0.0,40.0,1.0,1.0,587.6,42235.337436742004,1.0
LT7 0 0 solar,LT7 0,PV,S,,,,870.2,0,,,,,1,,,,,,,0,1,,,,,,,,,,36897.489084132285,0.0,40.0,1.0,1.0,870.2,177540.56955952215,1.0
LT7 0 0 solar-c,LT7 0,PV,S,,,,870.2,0,,,,,1,,,,,,,0,1,,,,,,,,,,36897.489084132285,0.0,40.0,1.0,1.0,870.2,177540.56955952215,1.0
LU1 0 0 solar,LU1 0,PV,S,,,,101.39,0,,,,,1,,,,,,,0,1,,,,,,,,,,36897.489084132285,0.0,40.0,1.0,1.0,101.39,5978.898880432733,1.0
LU1 0 0 solar-c,LU1 0,PV,S,,,,101.39,0,,,,,1,,,,,,,0,1,,,,,,,,,,36897.489084132285,0.0,40.0,1.0,1.0,101.39,5978.898880432733,1.0
LV7 0 0 solar,LV7 0,PV,S,,,,810.3,0,,,,,1,,,,,,,0,1,,,,,,,,,,36897.489084132285,0.0,40.0,1.0,1.0,810.3,119333.01373044198,1.0
LV7 0 0 solar-c,LV7 0,PV,S,,,,810.3,0,,,,,1,,,,,,,0,1,,,,,,,,,,36897.489084132285,0.0,40.0,1.0,1.0,810.3,119333.01373044198,1.0
ME1 0 0 solar,ME1 0,PV,S,,,,26.1,0,,,,,1,,,,,,,0,1,,,,,,,,,,36897.489084132285,0.0,40.0,1.0,1.0,26.1,15292.478758310033,1.0
ME1 0 0 solar-c,ME1 0,PV,S,,,,26.1,0,,,,,1,,,,,,,0,1,,,,,,,,,,36897.489084132285,0.0,40.0,1.0,1.0,26.1,15292.478758310033,1.0
MK1 0 0 solar,MK1 0,PV,S,,,,558.9,0,,,,,1,,,,,,,0,1,,,,,,,,,,36897.489084132285,0.0,40.0,1.0,1.0,558.9,49846.0173921127,1.0
MK1 0 0 solar-c,MK1 0,PV,S,,,,558.9,0,,,,,1,,,,,,,0,1,,,,,,,,,,36897.489084132285,0.0,40.0,1.0,1.0,558.9,49846.0173921127,1.0
NL1 0 0 solar,NL1 0,PV,S,,,,7001.4,0,,,,,1,,,,,,,0,1,,,,,,,,,,36897.489084132285,0.0,40.0,1.0,1.0,7001.4,138307.51937053015,1.0
NL1 0 0 solar-c,NL1 0,PV,S,,,,7001.4,0,,,,,1,,,,,,,0,1,,,,,,,,,,36897.489084132285,0.0,40.0,1.0,1.0,7001.4,138307.51937053015,1.0
NO2 0 0 solar,NO2 0,PV,S,,,,34.6,0,,,,,1,,,,,,,0,1,,,,,,,,,,36897.489084132285,0.0,40.0,1.0,1.0,34.6,550636.1368921134,1.0
NO2 0 0 solar-c,NO2 0,PV,S,,,,34.6,0,,,,,1,,,,,,,0,1,,,,,,,,,,36897.489084132285,0.0,40.0,1.0,1.0,34.6,550636.1368921134,1.0
PL1 0 0 solar,PL1 0,PV,S,,,,9313.3,0,,,,,1,,,,,,,0,1,,,,,,,,,,36897.489084132285,0.0,40.0,1.0,1.0,9313.3,876543.4914958384,1.0
PL1 0 0 solar-c,PL1 0,PV,S,,,,9313.3,0,,,,,1,,,,,,,0,1,,,,,,,,,,36897.489084132285,0.0,40.0,1.0,1.0,9313.3,876543.4914958384,1.0
PT1 0 0 solar,PT1 0,PV,S,,,,3921.1,0,,,,,1,,,,,,,0,1,,,,,,,,,,36897.489084132285,0.0,40.0,1.0,1.0,3921.1,137266.3008383235,1.0
PT1 0 0 solar-c,PT1 0,PV,S,,,,3921.1,0,,,,,1,,,,,,,0,1,,,,,,,,,,36897.489084132285,0.0,40.0,1.0,1.0,3921.1,137266.3008383235,1.0
RO1 0 0 solar,RO1 0,PV,S,,,,4237.9,0,,,,,1,,,,,,,0,1,,,,,,,,,,36897.489084132285,0.0,40.0,1.0,1.0,4237.9,655408.834543366,1.0
RO1 0 0 solar-c,RO1 0,PV,S,,,,4237.9,0,,,,,1,,,,,,,0,1,,,,,,,,,,36897.489084132285,0.0,40.0,1.0,1.0,4237.9,655408.834543366,1.0
RS1 0 0 solar,RS1 0,PV,S,,,,181.0,0,,,,,1,,,,,,,0,1,,,,,,,,,,36897.489084132285,0.0,40.0,1.0,1.0,181.0,198229.22176557788,1.0
RS1 0 0 solar-c,RS1 0,PV,S,,,,181.0,0,,,,,1,,,,,,,0,1,,,,,,,,,,36897.489084132285,0.0,40.0,1.0,1.0,181.0,198229.22176557788,1.0
SE2 0 0 solar,SE2 0,PV,S,,,,681.1,0,,,,,1,,,,,,,0,1,,,,,,,,,,36897.489084132285,0.0,40.0,1.0,1.0,681.1,233944.92759201006,1.0
SE2 0 0 solar-c,SE2 0,PV,S,,,,681.1,0,,,,,1,,,,,,,0,1,,,,,,,,,,36897.489084132285,0.0,40.0,1.0,1.0,681.1,233944.92759201006,1.0
SI1 0 0 solar,SI1 0,PV,S,,,,90.60000000000001,0,,,,,1,,,,,,,0,1,,,,,,,,,,36897.489084132285,0.0,40.0,1.0,1.0,90.60000000000001,23843.038261005597,1.0
SI1 0 0 solar-c,SI1 0,PV,S,,,,90.60000000000001,0,,,,,1,,,,,,,0,1,,,,,,,,,,36897.489084132285,0.0,40.0,1.0,1.0,90.60000000000001,23843.038261005597,1.0
SK1 0 0 solar,SK1 0,PV,S,,,,894.3,0,,,,,1,,,,,,,0,1,,,,,,,,,,36897.489084132285,0.0,40.0,1.0,1.0,894.3,98355.61230815764,1.0
SK1 0 0 solar-c,SK1 0,PV,S,,,,894.3,0,,,,,1,,,,,,,0,1,,,,,,,,,,36897.489084132285,0.0,40.0,1.0,1.0,894.3,98355.61230815764,1.0
XK1 0 0 solar,XK1 0,PV,S,,,,20.4,0,,,,,1,,,,,,,0,1,,,,,,,,,,36897.489084132285,0.0,40.0,1.0,1.0,20.4,22001.170397704962,1.0
XK1 0 0 solar-c,XK1 0,PV,S,,,,20.4,0,,,,,1,,,,,,,0,1,,,,,,,,,,36897.489084132285,0.0,40.0,1.0,1.0,20.4,22001.170397704962,1.0
AL1 0 0 solar-hsat,AL1 0,PV,S,,,,0.0,0,,,,,1,,,,,,,0,1,,,,,,,,,,44562.05386246424,0.0,40.0,1.0,1.0,0.0,47158.07486443539,1.0
AL1 0 0 solar-hsat-c,AL1 0,PV,S,,,,0.0,0,,,,,1,,,,,,,0,1,,,,,,,,,,44562.05386246424,0.0,40.0,1.0,1.0,0.0,47158.07486443539,1.0
AT1 0 0 solar-hsat,AT1 0,PV,S,,,,0.0,0,,,,,1,,,,,,,0,1,,,,,,,,,,44562.05386246424,0.0,40.0,1.0,1.0,0.0,152917.3743032468,1.0
AT1 0 0 solar-hsat-c,AT1 0,PV,S,,,,0.0,0,,,,,1,,,,,,,0,1,,,,,,,,,,44562.05386246424,0.0,40.0,1.0,1.0,0.0,152917.3743032468,1.0
BA1 0 0 solar-hsat,BA1 0,PV,S,,,,0.0,0,,,,,1,,,,,,,0,1,,,,,,,,,,44562.05386246424,0.0,40.0,1.0,1.0,0.0,75748.10659471125,1.0
BA1 0 0 solar-hsat-c,BA1 0,PV,S,,,,0.0,0,,,,,1,,,,,,,0,1,,,,,,,,,,44562.05386246424,0.0,40.0,1.0,1.0,0.0,75748.10659471125,1.0
BE1 0 0 solar-hsat,BE1 0,PV,S,,,,0.0,0,,,,,1,,,,,,,0,1,,,,,,,,,,44562.05386246424,0.0,40.0,1.0,1.0,0.0,92467.35408368323,1.0
BE1 0 0 solar-hsat-c,BE1 0,PV,S,,,,0.0,0,,,,,1,,,,,,,0,1,,,,,,,,,,44562.05386246424,0.0,40.0,1.0,1.0,0.0,92467.35408368323,1.0
BG1 0 0 solar-hsat,BG1 0,PV,S,,,,0.0,0,,,,,1,,,,,,,0,1,,,,,,,,,,44562.05386246424,0.0,40.0,1.0,1.0,0.0,202089.80915568856,1.0
BG1 0 0 solar-hsat-c,BG1 0,PV,S,,,,0.0,0,,,,,1,,,,,,,0,1,,,,,,,,,,44562.05386246424,0.0,40.0,1.0,1.0,0.0,202089.80915568856,1.0
CH1 0 0 solar-hsat,CH1 0,PV,S,,,,0.0,0,,,,,1,,,,,,,0,1,,,,,,,,,,44562.05386246424,0.0,40.0,1.0,1.0,0.0,108899.39440130898,1.0
CH1 0 0 solar-hsat-c,CH1 0,PV,S,,,,0.0,0,,,,,1,,,,,,,0,1,,,,,,,,,,44562.05386246424,0.0,40.0,1.0,1.0,0.0,108899.39440130898,1.0
CZ1 0 0 solar-hsat,CZ1 0,PV,S,,,,0.0,0,,,,,1,,,,,,,0,1,,,,,,,,,,44562.05386246424,0.0,40.0,1.0,1.0,0.0,182099.85952688666,1.0
CZ1 0 0 solar-hsat-c,CZ1 0,PV,S,,,,0.0,0,,,,,1,,,,,,,0,1,,,,,,,,,,44562.05386246424,0.0,40.0,1.0,1.0,0.0,182099.85952688666,1.0
DE1 0 0 solar-hsat,DE1 0,PV,S,,,,0.0,0,,,,,1,,,,,,,0,1,,,,,,,,,,44562.05386246424,0.0,40.0,1.0,1.0,0.0,215788.75030394865,1.0
DE1 0 0 solar-hsat-c,DE1 0,PV,S,,,,0.0,0,,,,,1,,,,,,,0,1,,,,,,,,,,44562.05386246424,0.0,40.0,1.0,1.0,0.0,215788.75030394865,1.0
DE1 1 0 solar-hsat,DE1 1,PV,S,,,,0.0,0,,,,,1,,,,,,,0,1,,,,,,,,,,44562.05386246424,0.0,40.0,1.0,1.0,0.0,157952.7000466002,1.0
DE1 1 0 solar-hsat-c,DE1 1,PV,S,,,,0.0,0,,,,,1,,,,,,,0,1,,,,,,,,,,44562.05386246424,0.0,40.0,1.0,1.0,0.0,157952.7000466002,1.0
DE1 2 0 solar-hsat,DE1 2,PV,S,,,,0.0,0,,,,,1,,,,,,,0,1,,,,,,,,,,44562.05386246424,0.0,40.0,1.0,1.0,0.0,124213.82299234763,1.0
DE1 2 0 solar-hsat-c,DE1 2,PV,S,,,,0.0,0,,,,,1,,,,,,,0,1,,,,,,,,,,44562.05386246424,0.0,40.0,1.0,1.0,0.0,124213.82299234763,1.0
DE1 3 0 solar-hsat,DE1 3,PV,S,,,,0.0,0,,,,,1,,,,,,,0,1,,,,,,,,,,44562.05386246424,0.0,40.0,1.0,1.0,0.0,216305.8609202071,1.0
DE1 3 0 solar-hsat-c,DE1 3,PV,S,,,,0.0,0,,,,,1,,,,,,,0,1,,,,,,,,,,44562.05386246424,0.0,40.0,1.0,1.0,0.0,216305.8609202071,1.0
DE1 4 0 solar-hsat,DE1 4,PV,S,,,,0.0,0,,,,,1,,,,,,,0,1,,,,,,,,,,44562.05386246424,0.0,40.0,1.0,1.0,0.0,124407.01436139256,1.0
DE1 4 0 solar-hsat-c,DE1 4,PV,S,,,,0.0,0,,,,,1,,,,,,,0,1,,,,,,,,,,44562.05386246424,0.0,40.0,1.0,1.0,0.0,124407.01436139256,1.0
DE1 5 0 solar-hsat,DE1 5,PV,S,,,,0.0,0,,,,,1,,,,,,,0,1,,,,,,,,,,44562.05386246424,0.0,40.0,1.0,1.0,0.0,105947.29308881526,1.0
DE1 5 0 solar-hsat-c,DE1 5,PV,S,,,,0.0,0,,,,,1,,,,,,,0,1,,,,,,,,,,44562.05386246424,0.0,40.0,1.0,1.0,0.0,105947.29308881526,1.0
DK1 0 0 solar-hsat,DK1 0,PV,S,,,,0.0,0,,,,,1,,,,,,,0,1,,,,,,,,,,44562.05386246424,0.0,40.0,1.0,1.0,0.0,105858.64853721409,1.0
DK1 0 0 solar-hsat-c,DK1 0,PV,S,,,,0.0,0,,,,,1,,,,,,,0,1,,,,,,,,,,44562.05386246424,0.0,40.0,1.0,1.0,0.0,105858.64853721409,1.0
DK2 0 0 solar-hsat,DK2 0,PV,S,,,,0.0,0,,,,,1,,,,,,,0,1,,,,,,,,,,44562.05386246424,0.0,40.0,1.0,1.0,0.0,32858.26312086304,1.0
DK2 0 0 solar-hsat-c,DK2 0,PV,S,,,,0.0,0,,,,,1,,,,,,,0,1,,,,,,,,,,44562.05386246424,0.0,40.0,1.0,1.0,0.0,32858.26312086304,1.0
EE7 0 0 solar-hsat,EE7 0,PV,S,,,,0.0,0,,,,,1,,,,,,,0,1,,,,,,,,,,44562.05386246424,0.0,40.0,1.0,1.0,0.0,54003.285434162055,1.0
EE7 0 0 solar-hsat-c,EE7 0,PV,S,,,,0.0,0,,,,,1,,,,,,,0,1,,,,,,,,,,44562.05386246424,0.0,40.0,1.0,1.0,0.0,54003.285434162055,1.0
ES1 0 0 solar-hsat,ES1 0,PV,S,,,,0.0,0,,,,,1,,,,,,,0,1,,,,,,,,,,44562.05386246424,0.0,40.0,1.0,1.0,0.0,941900.7025087507,1.0
ES1 0 0 solar-hsat-c,ES1 0,PV,S,,,,0.0,0,,,,,1,,,,,,,0,1,,,,,,,,,,44562.05386246424,0.0,40.0,1.0,1.0,0.0,941900.7025087507,1.0
ES4 0 0 solar-hsat,ES4 0,PV,S,,,,0.0,0,,,,,1,,,,,,,0,1,,,,,,,,,,44562.05386246424,0.0,40.0,1.0,1.0,0.0,10292.417183977983,1.0
ES4 0 0 solar-hsat-c,ES4 0,PV,S,,,,0.0,0,,,,,1,,,,,,,0,1,,,,,,,,,,44562.05386246424,0.0,40.0,1.0,1.0,0.0,10292.417183977983,1.0
FI2 0 0 solar-hsat,FI2 0,PV,S,,,,0.0,0,,,,,1,,,,,,,0,1,,,,,,,,,,44562.05386246424,0.0,40.0,1.0,1.0,0.0,97918.99992882111,1.0
FI2 0 0 solar-hsat-c,FI2 0,PV,S,,,,0.0,0,,,,,1,,,,,,,0,1,,,,,,,,,,44562.05386246424,0.0,40.0,1.0,1.0,0.0,97918.99992882111,1.0
FR1 0 0 solar-hsat,FR1 0,PV,S,,,,0.0,0,,,,,1,,,,,,,0,1,,,,,,,,,,44562.05386246424,0.0,40.0,1.0,1.0,0.0,159710.67427185643,1.0
FR1 0 0 solar-hsat-c,FR1 0,PV,S,,,,0.0,0,,,,,1,,,,,,,0,1,,,,,,,,,,44562.05386246424,0.0,40.0,1.0,1.0,0.0,159710.67427185643,1.0
FR1 1 0 solar-hsat,FR1 1,PV,S,,,,0.0,0,,,,,1,,,,,,,0,1,,,,,,,,,,44562.05386246424,0.0,40.0,1.0,1.0,0.0,375486.64293381246,1.0
FR1 1 0 solar-hsat-c,FR1 1,PV,S,,,,0.0,0,,,,,1,,,,,,,0,1,,,,,,,,,,44562.05386246424,0.0,40.0,1.0,1.0,0.0,375486.64293381246,1.0
FR1 2 0 solar-hsat,FR1 2,PV,S,,,,0.0,0,,,,,1,,,,,,,0,1,,,,,,,,,,44562.05386246424,0.0,40.0,1.0,1.0,0.0,243834.44683043443,1.0
FR1 2 0 solar-hsat-c,FR1 2,PV,S,,,,0.0,0,,,,,1,,,,,,,0,1,,,,,,,,,,44562.05386246424,0.0,40.0,1.0,1.0,0.0,243834.44683043443,1.0
FR1 3 0 solar-hsat,FR1 3,PV,S,,,,0.0,0,,,,,1,,,,,,,0,1,,,,,,,,,,44562.05386246424,0.0,40.0,1.0,1.0,0.0,312122.9341550908,1.0
FR1 3 0 solar-hsat-c,FR1 3,PV,S,,,,0.0,0,,,,,1,,,,,,,0,1,,,,,,,,,,44562.05386246424,0.0,40.0,1.0,1.0,0.0,312122.9341550908,1.0
FR1 4 0 solar-hsat,FR1 4,PV,S,,,,0.0,0,,,,,1,,,,,,,0,1,,,,,,,,,,44562.05386246424,0.0,40.0,1.0,1.0,0.0,363263.6344649339,1.0
FR1 4 0 solar-hsat-c,FR1 4,PV,S,,,,0.0,0,,,,,1,,,,,,,0,1,,,,,,,,,,44562.05386246424,0.0,40.0,1.0,1.0,0.0,363263.6344649339,1.0
FR5 0 0 solar-hsat,FR5 0,PV,S,,,,0.0,0,,,,,1,,,,,,,0,1,,,,,,,,,,44562.05386246424,0.0,40.0,1.0,1.0,0.0,6715.396136711314,1.0
FR5 0 0 solar-hsat-c,FR5 0,PV,S,,,,0.0,0,,,,,1,,,,,,,0,1,,,,,,,,,,44562.05386246424,0.0,40.0,1.0,1.0,0.0,6715.396136711314,1.0
GB0 0 0 solar-hsat,GB0 0,PV,S,,,,0.0,0,,,,,1,,,,,,,0,1,,,,,,,,,,44562.05386246424,0.0,40.0,1.0,1.0,0.0,409226.77142295206,1.0
GB0 0 0 solar-hsat-c,GB0 0,PV,S,,,,0.0,0,,,,,1,,,,,,,0,1,,,,,,,,,,44562.05386246424,0.0,40.0,1.0,1.0,0.0,409226.77142295206,1.0
GB0 1 0 solar-hsat,GB0 1,PV,S,,,,0.0,0,,,,,1,,,,,,,0,1,,,,,,,,,,44562.05386246424,0.0,40.0,1.0,1.0,0.0,284451.7485438585,1.0
GB0 1 0 solar-hsat-c,GB0 1,PV,S,,,,0.0,0,,,,,1,,,,,,,0,1,,,,,,,,,,44562.05386246424,0.0,40.0,1.0,1.0,0.0,284451.7485438585,1.0
GB6 0 0 solar-hsat,GB6 0,PV,S,,,,0.0,0,,,,,1,,,,,,,0,1,,,,,,,,,,44562.05386246424,0.0,40.0,1.0,1.0,0.0,50593.43633600234,1.0
GB6 0 0 solar-hsat-c,GB6 0,PV,S,,,,0.0,0,,,,,1,,,,,,,0,1,,,,,,,,,,44562.05386246424,0.0,40.0,1.0,1.0,0.0,50593.43633600234,1.0
GR1 0 0 solar-hsat,GR1 0,PV,S,,,,0.0,0,,,,,1,,,,,,,0,1,,,,,,,,,,44562.05386246424,0.0,40.0,1.0,1.0,0.0,186751.59652717932,1.0
GR1 0 0 solar-hsat-c,GR1 0,PV,S,,,,0.0,0,,,,,1,,,,,,,0,1,,,,,,,,,,44562.05386246424,0.0,40.0,1.0,1.0,0.0,186751.59652717932,1.0
HR1 0 0 solar-hsat,HR1 0,PV,S,,,,0.0,0,,,,,1,,,,,,,0,1,,,,,,,,,,44562.05386246424,0.0,40.0,1.0,1.0,0.0,71336.70792506127,1.0
HR1 0 0 solar-hsat-c,HR1 0,PV,S,,,,0.0,0,,,,,1,,,,,,,0,1,,,,,,,,,,44562.05386246424,0.0,40.0,1.0,1.0,0.0,71336.70792506127,1.0
HU1 0 0 solar-hsat,HU1 0,PV,S,,,,0.0,0,,,,,1,,,,,,,0,1,,,,,,,,,,44562.05386246424,0.0,40.0,1.0,1.0,0.0,260922.5234592855,1.0
HU1 0 0 solar-hsat-c,HU1 0,PV,S,,,,0.0,0,,,,,1,,,,,,,0,1,,,,,,,,,,44562.05386246424,0.0,40.0,1.0,1.0,0.0,260922.5234592855,1.0
IE6 0 0 solar-hsat,IE6 0,PV,S,,,,0.0,0,,,,,1,,,,,,,0,1,,,,,,,,,,44562.05386246424,0.0,40.0,1.0,1.0,0.0,194637.149368277,1.0
IE6 0 0 solar-hsat-c,IE6 0,PV,S,,,,0.0,0,,,,,1,,,,,,,0,1,,,,,,,,,,44562.05386246424,0.0,40.0,1.0,1.0,0.0,194637.149368277,1.0
IT1 0 0 solar-hsat,IT1 0,PV,S,,,,0.0,0,,,,,1,,,,,,,0,1,,,,,,,,,,44562.05386246424,0.0,40.0,1.0,1.0,0.0,335856.17913140426,1.0
IT1 0 0 solar-hsat-c,IT1 0,PV,S,,,,0.0,0,,,,,1,,,,,,,0,1,,,,,,,,,,44562.05386246424,0.0,40.0,1.0,1.0,0.0,335856.17913140426,1.0
IT1 1 0 solar-hsat,IT1 1,PV,S,,,,0.0,0,,,,,1,,,,,,,0,1,,,,,,,,,,44562.05386246424,0.0,40.0,1.0,1.0,0.0,294318.4101477815,1.0
IT1 1 0 solar-hsat-c,IT1 1,PV,S,,,,0.0,0,,,,,1,,,,,,,0,1,,,,,,,,,,44562.05386246424,0.0,40.0,1.0,1.0,0.0,294318.4101477815,1.0
IT3 0 0 solar-hsat,IT3 0,PV,S,,,,0.0,0,,,,,1,,,,,,,0,1,,,,,,,,,,44562.05386246424,0.0,40.0,1.0,1.0,0.0,36686.77349897392,1.0
IT3 0 0 solar-hsat-c,IT3 0,PV,S,,,,0.0,0,,,,,1,,,,,,,0,1,,,,,,,,,,44562.05386246424,0.0,40.0,1.0,1.0,0.0,36686.77349897392,1.0
LT7 0 0 solar-hsat,LT7 0,PV,S,,,,0.0,0,,,,,1,,,,,,,0,1,,,,,,,,,,44562.05386246424,0.0,40.0,1.0,1.0,0.0,154216.61238209464,1.0
LT7 0 0 solar-hsat-c,LT7 0,PV,S,,,,0.0,0,,,,,1,,,,,,,0,1,,,,,,,,,,44562.05386246424,0.0,40.0,1.0,1.0,0.0,154216.61238209464,1.0
LU1 0 0 solar-hsat,LU1 0,PV,S,,,,0.0,0,,,,,1,,,,,,,0,1,,,,,,,,,,44562.05386246424,0.0,40.0,1.0,1.0,0.0,5193.435694179806,1.0
LU1 0 0 solar-hsat-c,LU1 0,PV,S,,,,0.0,0,,,,,1,,,,,,,0,1,,,,,,,,,,44562.05386246424,0.0,40.0,1.0,1.0,0.0,5193.435694179806,1.0
LV7 0 0 solar-hsat,LV7 0,PV,S,,,,0.0,0,,,,,1,,,,,,,0,1,,,,,,,,,,44562.05386246424,0.0,40.0,1.0,1.0,0.0,103655.93153448196,1.0
LV7 0 0 solar-hsat-c,LV7 0,PV,S,,,,0.0,0,,,,,1,,,,,,,0,1,,,,,,,,,,44562.05386246424,0.0,40.0,1.0,1.0,0.0,103655.93153448196,1.0
ME1 0 0 solar-hsat,ME1 0,PV,S,,,,0.0,0,,,,,1,,,,,,,0,1,,,,,,,,,,44562.05386246424,0.0,40.0,1.0,1.0,0.0,13283.466843002636,1.0
ME1 0 0 solar-hsat-c,ME1 0,PV,S,,,,0.0,0,,,,,1,,,,,,,0,1,,,,,,,,,,44562.05386246424,0.0,40.0,1.0,1.0,0.0,13283.466843002636,1.0
MK1 0 0 solar-hsat,MK1 0,PV,S,,,,0.0,0,,,,,1,,,,,,,0,1,,,,,,,,,,44562.05386246424,0.0,40.0,1.0,1.0,0.0,43297.61902883514,1.0
MK1 0 0 solar-hsat-c,MK1 0,PV,S,,,,0.0,0,,,,,1,,,,,,,0,1,,,,,,,,,,44562.05386246424,0.0,40.0,1.0,1.0,0.0,43297.61902883514,1.0
NL1 0 0 solar-hsat,NL1 0,PV,S,,,,0.0,0,,,,,1,,,,,,,0,1,,,,,,,,,,44562.05386246424,0.0,40.0,1.0,1.0,0.0,120137.7080022448,1.0
NL1 0 0 solar-hsat-c,NL1 0,PV,S,,,,0.0,0,,,,,1,,,,,,,0,1,,,,,,,,,,44562.05386246424,0.0,40.0,1.0,1.0,0.0,120137.7080022448,1.0
NO2 0 0 solar-hsat,NO2 0,PV,S,,,,0.0,0,,,,,1,,,,,,,0,1,,,,,,,,,,44562.05386246424,0.0,40.0,1.0,1.0,0.0,478297.66400628653,1.0
NO2 0 0 solar-hsat-c,NO2 0,PV,S,,,,0.0,0,,,,,1,,,,,,,0,1,,,,,,,,,,44562.05386246424,0.0,40.0,1.0,1.0,0.0,478297.66400628653,1.0
PL1 0 0 solar-hsat,PL1 0,PV,S,,,,0.0,0,,,,,1,,,,,,,0,1,,,,,,,,,,44562.05386246424,0.0,40.0,1.0,1.0,0.0,761389.738691483,1.0
PL1 0 0 solar-hsat-c,PL1 0,PV,S,,,,0.0,0,,,,,1,,,,,,,0,1,,,,,,,,,,44562.05386246424,0.0,40.0,1.0,1.0,0.0,761389.738691483,1.0
PT1 0 0 solar-hsat,PT1 0,PV,S,,,,0.0,0,,,,,1,,,,,,,0,1,,,,,,,,,,44562.05386246424,0.0,40.0,1.0,1.0,0.0,119233.27700270062,1.0
PT1 0 0 solar-hsat-c,PT1 0,PV,S,,,,0.0,0,,,,,1,,,,,,,0,1,,,,,,,,,,44562.05386246424,0.0,40.0,1.0,1.0,0.0,119233.27700270062,1.0
RO1 0 0 solar-hsat,RO1 0,PV,S,,,,0.0,0,,,,,1,,,,,,,0,1,,,,,,,,,,44562.05386246424,0.0,40.0,1.0,1.0,0.0,569306.1052994336,1.0
RO1 0 0 solar-hsat-c,RO1 0,PV,S,,,,0.0,0,,,,,1,,,,,,,0,1,,,,,,,,,,44562.05386246424,0.0,40.0,1.0,1.0,0.0,569306.1052994336,1.0
RS1 0 0 solar-hsat,RS1 0,PV,S,,,,0.0,0,,,,,1,,,,,,,0,1,,,,,,,,,,44562.05386246424,0.0,40.0,1.0,1.0,0.0,172187.34361206082,1.0
RS1 0 0 solar-hsat-c,RS1 0,PV,S,,,,0.0,0,,,,,1,,,,,,,0,1,,,,,,,,,,44562.05386246424,0.0,40.0,1.0,1.0,0.0,172187.34361206082,1.0
SE2 0 0 solar-hsat,SE2 0,PV,S,,,,0.0,0,,,,,1,,,,,,,0,1,,,,,,,,,,44562.05386246424,0.0,40.0,1.0,1.0,0.0,203210.98612404012,1.0
SE2 0 0 solar-hsat-c,SE2 0,PV,S,,,,0.0,0,,,,,1,,,,,,,0,1,,,,,,,,,,44562.05386246424,0.0,40.0,1.0,1.0,0.0,203210.98612404012,1.0
SI1 0 0 solar-hsat,SI1 0,PV,S,,,,0.0,0,,,,,1,,,,,,,0,1,,,,,,,,,,44562.05386246424,0.0,40.0,1.0,1.0,0.0,20710.71754828526,1.0
SI1 0 0 solar-hsat-c,SI1 0,PV,S,,,,0.0,0,,,,,1,,,,,,,0,1,,,,,,,,,,44562.05386246424,0.0,40.0,1.0,1.0,0.0,20710.71754828526,1.0
SK1 0 0 solar-hsat,SK1 0,PV,S,,,,0.0,0,,,,,1,,,,,,,0,1,,,,,,,,,,44562.05386246424,0.0,40.0,1.0,1.0,0.0,85434.38480885065,1.0
SK1 0 0 solar-hsat-c,SK1 0,PV,S,,,,0.0,0,,,,,1,,,,,,,0,1,,,,,,,,,,44562.05386246424,0.0,40.0,1.0,1.0,0.0,85434.38480885065,1.0
XK1 0 0 solar-hsat,XK1 0,PV,S,,,,0.0,0,,,,,1,,,,,,,0,1,,,,,,,,,,44562.05386246424,0.0,40.0,1.0,1.0,0.0,19110.820561143722,1.0
XK1 0 0 solar-hsat-c,XK1 0,PV,S,,,,0.0,0,,,,,1,,,,,,,0,1,,,,,,,,,,44562.05386246424,0.0,40.0,1.0,1.0,0.0,19110.820561143722,1.0
AL1 0 0 offwind-ac,AL1 0,WIND,W,,,,0.0,0,,,,,1,,,,,,,0,1,,,,,,,,,,272747.6797884861,0.0,30.0,1.0,1.0,0.0,3201.976129286356,1.0
AL1 0 0 offwind-ac-c,AL1 0,WIND,W,,,,0.0,0,,,,,1,,,,,,,0,1,,,,,,,,,,272747.6797884861,0.0,30.0,1.0,1.0,0.0,3201.976129286356,1.0
BA1 0 0 offwind-ac,BA1 0,WIND,W,,,,0.0,0,,,,,1,,,,,,,0,1,,,,,,,,,,271486.8872546201,0.0,30.0,1.0,1.0,0.0,17.335441735761663,1.0
BA1 0 0 offwind-ac-c,BA1 0,WIND,W,,,,0.0,0,,,,,1,,,,,,,0,1,,,,,,,,,,271486.8872546201,0.0,30.0,1.0,1.0,0.0,17.335441735761663,1.0
BE1 0 0 offwind-ac,BE1 0,WIND,W,,,,2752.2,0,,,,,1,,,,,,,0,1,,,,,,,,,,277272.48337734136,0.0,30.0,1.0,1.0,2752.2,2752.2,1.0
BE1 0 0 offwind-ac-c,BE1 0,WIND,W,,,,2752.2,0,,,,,1,,,,,,,0,1,,,,,,,,,,277272.48337734136,0.0,30.0,1.0,1.0,2752.2,2752.2,1.0
BG1 0 0 offwind-ac,BG1 0,WIND,W,,,,0.0,0,,,,,1,,,,,,,0,1,,,,,,,,,,274391.31712275895,0.0,30.0,1.0,1.0,0.0,1603.6115619085367,1.0
BG1 0 0 offwind-ac-c,BG1 0,WIND,W,,,,0.0,0,,,,,1,,,,,,,0,1,,,,,,,,,,274391.31712275895,0.0,30.0,1.0,1.0,0.0,1603.6115619085367,1.0
DE1 0 0 offwind-ac,DE1 0,WIND,W,,,,1943.1,0,,,,,1,,,,,,,0,1,,,,,,,,,,276468.4415725448,0.0,30.0,1.0,1.0,1943.1,1943.1,1.0
DE1 0 0 offwind-ac-c,DE1 0,WIND,W,,,,1943.1,0,,,,,1,,,,,,,0,1,,,,,,,,,,276468.4415725448,0.0,30.0,1.0,1.0,1943.1,1943.1,1.0
DE1 2 0 offwind-ac,DE1 2,WIND,W,,,,7392.418000000001,0,,,,,1,,,,,,,0,1,,,,,,,,,,300588.43930177216,0.0,30.0,1.0,1.0,7392.418000000001,7392.418000000001,1.0
DE1 2 0 offwind-ac-c,DE1 2,WIND,W,,,,7392.418000000001,0,,,,,1,,,,,,,0,1,,,,,,,,,,300588.43930177216,0.0,30.0,1.0,1.0,7392.418000000001,7392.418000000001,1.0
DE1 3 0 offwind-ac,DE1 3,WIND,W,,,,1828.2250000000001,0,,,,,1,,,,,,,0,1,,,,,,,,,,277191.9786799105,0.0,30.0,1.0,1.0,1828.2250000000001,2126.8154219040316,1.0
DE1 3 0 offwind-ac-c,DE1 3,WIND,W,,,,1828.2250000000001,0,,,,,1,,,,,,,0,1,,,,,,,,,,277191.9786799105,0.0,30.0,1.0,1.0,1828.2250000000001,2126.8154219040316,1.0
DK1 0 0 offwind-ac,DK1 0,WIND,W,,,,1623.6,0,,,,,1,,,,,,,0,1,,,,,,,,,,281063.6230531686,0.0,30.0,1.0,1.0,1623.6,14997.748924224567,1.0
DK1 0 0 offwind-ac-c,DK1 0,WIND,W,,,,1623.6,0,,,,,1,,,,,,,0,1,,,,,,,,,,281063.6230531686,0.0,30.0,1.0,1.0,1623.6,14997.748924224567,1.0
DK2 0 0 offwind-ac,DK2 0,WIND,W,,,,1029.0,0,,,,,1,,,,,,,0,1,,,,,,,,,,289679.0859300814,0.0,30.0,1.0,1.0,1029.0,9286.232014001685,1.0
DK2 0 0 offwind-ac-c,DK2 0,WIND,W,,,,1029.0,0,,,,,1,,,,,,,0,1,,,,,,,,,,289679.0859300814,0.0,30.0,1.0,1.0,1029.0,9286.232014001685,1.0
EE7 0 0 offwind-ac,EE7 0,WIND,W,,,,0.0,0,,,,,1,,,,,,,0,1,,,,,,,,,,292345.7682257452,0.0,30.0,1.0,1.0,0.0,16397.66176961239,1.0
EE7 0 0 offwind-ac-c,EE7 0,WIND,W,,,,0.0,0,,,,,1,,,,,,,0,1,,,,,,,,,,292345.7682257452,0.0,30.0,1.0,1.0,0.0,16397.66176961239,1.0
ES1 0 0 offwind-ac,ES1 0,WIND,W,,,,20.0,0,,,,,1,,,,,,,0,1,,,,,,,,,,272386.44243001746,0.0,30.0,1.0,1.0,20.0,11933.199482140073,1.0
ES1 0 0 offwind-ac-c,ES1 0,WIND,W,,,,20.0,0,,,,,1,,,,,,,0,1,,,,,,,,,,272386.44243001746,0.0,30.0,1.0,1.0,20.0,11933.199482140073,1.0
ES4 0 0 offwind-ac,ES4 0,WIND,W,,,,0.0,0,,,,,1,,,,,,,0,1,,,,,,,,,,278981.4845347132,0.0,30.0,1.0,1.0,0.0,927.5641538236525,1.0
ES4 0 0 offwind-ac-c,ES4 0,WIND,W,,,,0.0,0,,,,,1,,,,,,,0,1,,,,,,,,,,278981.4845347132,0.0,30.0,1.0,1.0,0.0,927.5641538236525,1.0
FI2 0 0 offwind-ac,FI2 0,WIND,W,,,,0.0,0,,,,,1,,,,,,,0,1,,,,,,,,,,281054.15735954157,0.0,30.0,1.0,1.0,0.0,49169.15713350136,1.0
FI2 0 0 offwind-ac-c,FI2 0,WIND,W,,,,0.0,0,,,,,1,,,,,,,0,1,,,,,,,,,,281054.15735954157,0.0,30.0,1.0,1.0,0.0,49169.15713350136,1.0
FR1 1 0 offwind-ac,FR1 1,WIND,W,,,,0.0,0,,,,,1,,,,,,,0,1,,,,,,,,,,275562.06577533897,0.0,30.0,1.0,1.0,0.0,6940.104897723788,1.0
FR1 1 0 offwind-ac-c,FR1 1,WIND,W,,,,0.0,0,,,,,1,,,,,,,0,1,,,,,,,,,,275562.06577533897,0.0,30.0,1.0,1.0,0.0,6940.104897723788,1.0
FR1 2 0 offwind-ac,FR1 2,WIND,W,,,,55.0,0,,,,,1,,,,,,,0,1,,,,,,,,,,272071.18533190625,0.0,30.0,1.0,1.0,55.0,2334.4947647692347,1.0
FR1 2 0 offwind-ac-c,FR1 2,WIND,W,,,,55.0,0,,,,,1,,,,,,,0,1,,,,,,,,,,272071.18533190625,0.0,30.0,1.0,1.0,55.0,2334.4947647692347,1.0
FR1 3 0 offwind-ac,FR1 3,WIND,W,,,,1472.0,0,,,,,1,,,,,,,0,1,,,,,,,,,,274813.79987654084,0.0,30.0,1.0,1.0,1472.0,15566.652500745713,1.0
FR1 3 0 offwind-ac-c,FR1 3,WIND,W,,,,1472.0,0,,,,,1,,,,,,,0,1,,,,,,,,,,274813.79987654084,0.0,30.0,1.0,1.0,1472.0,15566.652500745713,1.0
FR1 4 0 offwind-ac,FR1 4,WIND,W,,,,498.0,0,,,,,1,,,,,,,0,1,,,,,,,,,,275448.79510503367,0.0,30.0,1.0,1.0,498.0,4174.882031216444,1.0
FR1 4 0 offwind-ac-c,FR1 4,WIND,W,,,,498.0,0,,,,,1,,,,,,,0,1,,,,,,,,,,275448.79510503367,0.0,30.0,1.0,1.0,498.0,4174.882031216444,1.0
FR5 0 0 offwind-ac,FR5 0,WIND,W,,,,0.0,0,,,,,1,,,,,,,0,1,,,,,,,,,,271135.6352055999,0.0,30.0,1.0,1.0,0.0,323.42795513778844,1.0
FR5 0 0 offwind-ac-c,FR5 0,WIND,W,,,,0.0,0,,,,,1,,,,,,,0,1,,,,,,,,,,271135.6352055999,0.0,30.0,1.0,1.0,0.0,323.42795513778844,1.0
GB0 0 0 offwind-ac,GB0 0,WIND,W,,,,15266.0,0,,,,,1,,,,,,,0,1,,,,,,,,,,275912.4943209395,0.0,30.0,1.0,1.0,15266.0,25879.923688019226,1.0
GB0 0 0 offwind-ac-c,GB0 0,WIND,W,,,,15266.0,0,,,,,1,,,,,,,0,1,,,,,,,,,,275912.4943209395,0.0,30.0,1.0,1.0,15266.0,25879.923688019226,1.0
GB0 1 0 offwind-ac,GB0 1,WIND,W,,,,7354.6,0,,,,,1,,,,,,,0,1,,,,,,,,,,285014.1762894349,0.0,30.0,1.0,1.0,7354.6,40362.184166737614,1.0
GB0 1 0 offwind-ac-c,GB0 1,WIND,W,,,,7354.6,0,,,,,1,,,,,,,0,1,,,,,,,,,,285014.1762894349,0.0,30.0,1.0,1.0,7354.6,40362.184166737614,1.0
GB6 0 0 offwind-ac,GB6 0,WIND,W,,,,0.0,0,,,,,1,,,,,,,0,1,,,,,,,,,,294175.5314753617,0.0,30.0,1.0,1.0,0.0,5043.6723651951925,1.0
GB6 0 0 offwind-ac-c,GB6 0,WIND,W,,,,0.0,0,,,,,1,,,,,,,0,1,,,,,,,,,,294175.5314753617,0.0,30.0,1.0,1.0,0.0,5043.6723651951925,1.0
GR1 0 0 offwind-ac,GR1 0,WIND,W,,,,0.0,0,,,,,1,,,,,,,0,1,,,,,,,,,,293001.58430750144,0.0,30.0,1.0,1.0,0.0,20889.25431731475,1.0
GR1 0 0 offwind-ac-c,GR1 0,WIND,W,,,,0.0,0,,,,,1,,,,,,,0,1,,,,,,,,,,293001.58430750144,0.0,30.0,1.0,1.0,0.0,20889.25431731475,1.0
HR1 0 0 offwind-ac,HR1 0,WIND,W,,,,0.0,0,,,,,1,,,,,,,0,1,,,,,,,,,,276279.30718583695,0.0,30.0,1.0,1.0,0.0,9715.188234322135,1.0
HR1 0 0 offwind-ac-c,HR1 0,WIND,W,,,,0.0,0,,,,,1,,,,,,,0,1,,,,,,,,,,276279.30718583695,0.0,30.0,1.0,1.0,0.0,9715.188234322135,1.0
IE6 0 0 offwind-ac,IE6 0,WIND,W,,,,25.0,0,,,,,1,,,,,,,0,1,,,,,,,,,,272955.05866594164,0.0,30.0,1.0,1.0,25.0,20293.238506368863,1.0
IE6 0 0 offwind-ac-c,IE6 0,WIND,W,,,,25.0,0,,,,,1,,,,,,,0,1,,,,,,,,,,272955.05866594164,0.0,30.0,1.0,1.0,25.0,20293.238506368863,1.0
IT1 0 0 offwind-ac,IT1 0,WIND,W,,,,0.0,0,,,,,1,,,,,,,0,1,,,,,,,,,,274534.8780700394,0.0,30.0,1.0,1.0,0.0,19383.659425029124,1.0
IT1 0 0 offwind-ac-c,IT1 0,WIND,W,,,,0.0,0,,,,,1,,,,,,,0,1,,,,,,,,,,274534.8780700394,0.0,30.0,1.0,1.0,0.0,19383.659425029124,1.0
IT1 1 0 offwind-ac,IT1 1,WIND,W,,,,30.0,0,,,,,1,,,,,,,0,1,,,,,,,,,,272717.76997500414,0.0,30.0,1.0,1.0,30.0,24279.25677605212,1.0
IT1 1 0 offwind-ac-c,IT1 1,WIND,W,,,,30.0,0,,,,,1,,,,,,,0,1,,,,,,,,,,272717.76997500414,0.0,30.0,1.0,1.0,30.0,24279.25677605212,1.0
IT3 0 0 offwind-ac,IT3 0,WIND,W,,,,0.0,0,,,,,1,,,,,,,0,1,,,,,,,,,,272376.0017426086,0.0,30.0,1.0,1.0,0.0,7151.399863421502,1.0
IT3 0 0 offwind-ac-c,IT3 0,WIND,W,,,,0.0,0,,,,,1,,,,,,,0,1,,,,,,,,,,272376.0017426086,0.0,30.0,1.0,1.0,0.0,7151.399863421502,1.0
LT7 0 0 offwind-ac,LT7 0,WIND,W,,,,0.0,0,,,,,1,,,,,,,0,1,,,,,,,,,,277897.00237504346,0.0,30.0,1.0,1.0,0.0,1129.883703580033,1.0
LT7 0 0 offwind-ac-c,LT7 0,WIND,W,,,,0.0,0,,,,,1,,,,,,,0,1,,,,,,,,,,277897.00237504346,0.0,30.0,1.0,1.0,0.0,1129.883703580033,1.0
LV7 0 0 offwind-ac,LV7 0,WIND,W,,,,0.0,0,,,,,1,,,,,,,0,1,,,,,,,,,,276340.45221693674,0.0,30.0,1.0,1.0,0.0,7954.351486472122,1.0
LV7 0 0 offwind-ac-c,LV7 0,WIND,W,,,,0.0,0,,,,,1,,,,,,,0,1,,,,,,,,,,276340.45221693674,0.0,30.0,1.0,1.0,0.0,7954.351486472122,1.0
ME1 0 0 offwind-ac,ME1 0,WIND,W,,,,0.0,0,,,,,1,,,,,,,0,1,,,,,,,,,,272643.38005642913,0.0,30.0,1.0,1.0,0.0,616.6501883837597,1.0
ME1 0 0 offwind-ac-c,ME1 0,WIND,W,,,,0.0,0,,,,,1,,,,,,,0,1,,,,,,,,,,272643.38005642913,0.0,30.0,1.0,1.0,0.0,616.6501883837597,1.0
NL1 0 0 offwind-ac,NL1 0,WIND,W,,,,7121.0,0,,,,,1,,,,,,,0,1,,,,,,,,,,280222.7952000404,0.0,30.0,1.0,1.0,7121.0,7121.0,1.0
NL1 0 0 offwind-ac-c,NL1 0,WIND,W,,,,7121.0,0,,,,,1,,,,,,,0,1,,,,,,,,,,280222.7952000404,0.0,30.0,1.0,1.0,7121.0,7121.0,1.0
NO2 0 0 offwind-ac,NO2 0,WIND,W,,,,138.0,0,,,,,1,,,,,,,0,1,,,,,,,,,,278623.15194773325,0.0,30.0,1.0,1.0,138.0,44612.14077809799,1.0
NO2 0 0 offwind-ac-c,NO2 0,WIND,W,,,,138.0,0,,,,,1,,,,,,,0,1,,,,,,,,,,278623.15194773325,0.0,30.0,1.0,1.0,138.0,44612.14077809799,1.0
PL1 0 0 offwind-ac,PL1 0,WIND,W,,,,0.0,0,,,,,1,,,,,,,0,1,,,,,,,,,,275715.09611502866,0.0,30.0,1.0,1.0,0.0,5184.815941714595,1.0
PL1 0 0 offwind-ac-c,PL1 0,WIND,W,,,,0.0,0,,,,,1,,,,,,,0,1,,,,,,,,,,275715.09611502866,0.0,30.0,1.0,1.0,0.0,5184.815941714595,1.0
PT1 0 0 offwind-ac,PT1 0,WIND,W,,,,25.0,0,,,,,1,,,,,,,0,1,,,,,,,,,,272939.4604474026,0.0,30.0,1.0,1.0,25.0,5828.121408361272,1.0
PT1 0 0 offwind-ac-c,PT1 0,WIND,W,,,,25.0,0,,,,,1,,,,,,,0,1,,,,,,,,,,272939.4604474026,0.0,30.0,1.0,1.0,25.0,5828.121408361272,1.0
RO1 0 0 offwind-ac,RO1 0,WIND,W,,,,0.0,0,,,,,1,,,,,,,0,1,,,,,,,,,,275621.92778429086,0.0,30.0,1.0,1.0,0.0,1669.9780862583866,1.0
RO1 0 0 offwind-ac-c,RO1 0,WIND,W,,,,0.0,0,,,,,1,,,,,,,0,1,,,,,,,,,,275621.92778429086,0.0,30.0,1.0,1.0,0.0,1669.9780862583866,1.0
SE2 0 0 offwind-ac,SE2 0,WIND,W,,,,158.0,0,,,,,1,,,,,,,0,1,,,,,,,,,,279165.192304833,0.0,30.0,1.0,1.0,158.0,64379.93867935784,1.0
SE2 0 0 offwind-ac-c,SE2 0,WIND,W,,,,158.0,0,,,,,1,,,,,,,0,1,,,,,,,,,,279165.192304833,0.0,30.0,1.0,1.0,158.0,64379.93867935784,1.0
SI1 0 0 offwind-ac,SI1 0,WIND,W,,,,0.0,0,,,,,1,,,,,,,0,1,,,,,,,,,,273245.984961211,0.0,30.0,1.0,1.0,0.0,196.26472163899447,1.0
SI1 0 0 offwind-ac-c,SI1 0,WIND,W,,,,0.0,0,,,,,1,,,,,,,0,1,,,,,,,,,,273245.984961211,0.0,30.0,1.0,1.0,0.0,196.26472163899447,1.0
AL1 0 0 offwind-float,AL1 0,WIND,W,,,,0.0,0,,,,,1,,,,,,,0,1,,,,,,,,,,327105.87850391597,0.0,30.0,1.0,1.0,0.0,8907.511833915461,1.0
AL1 0 0 offwind-float-c,AL1 0,WIND,W,,,,0.0,0,,,,,1,,,,,,,0,1,,,,,,,,,,327105.87850391597,0.0,30.0,1.0,1.0,0.0,8907.511833915461,1.0
BA1 0 0 offwind-float,BA1 0,WIND,W,,,,0.0,0,,,,,1,,,,,,,0,1,,,,,,,,,,315254.059060776,0.0,30.0,1.0,1.0,0.0,14.706143477364025,1.0
BA1 0 0 offwind-float-c,BA1 0,WIND,W,,,,0.0,0,,,,,1,,,,,,,0,1,,,,,,,,,,315254.059060776,0.0,30.0,1.0,1.0,0.0,14.706143477364025,1.0
BE1 0 0 offwind-float,BE1 0,WIND,W,,,,0.0,0,,,,,1,,,,,,,0,1,,,,,,,,,,320377.70375650155,0.0,30.0,1.0,1.0,0.0,22.944564759671785,1.0
BE1 0 0 offwind-float-c,BE1 0,WIND,W,,,,0.0,0,,,,,1,,,,,,,0,1,,,,,,,,,,320377.70375650155,0.0,30.0,1.0,1.0,0.0,22.944564759671785,1.0
BG1 0 0 offwind-float,BG1 0,WIND,W,,,,0.0,0,,,,,1,,,,,,,0,1,,,,,,,,,,330940.580074211,0.0,30.0,1.0,1.0,0.0,4969.555470207091,1.0
BG1 0 0 offwind-float-c,BG1 0,WIND,W,,,,0.0,0,,,,,1,,,,,,,0,1,,,,,,,,,,330940.580074211,0.0,30.0,1.0,1.0,0.0,4969.555470207091,1.0
DE1 0 0 offwind-float,DE1 0,WIND,W,,,,0.0,0,,,,,1,,,,,,,0,1,,,,,,,,,,322262.3762040628,0.0,30.0,1.0,1.0,0.0,124.23821631286995,1.0
DE1 0 0 offwind-float-c,DE1 0,WIND,W,,,,0.0,0,,,,,1,,,,,,,0,1,,,,,,,,,,322262.3762040628,0.0,30.0,1.0,1.0,0.0,124.23821631286995,1.0
DE1 2 0 offwind-float,DE1 2,WIND,W,,,,0.0,0,,,,,1,,,,,,,0,1,,,,,,,,,,406403.5168942788,0.0,30.0,1.0,1.0,0.0,130.35624340115237,1.0
DE1 2 0 offwind-float-c,DE1 2,WIND,W,,,,0.0,0,,,,,1,,,,,,,0,1,,,,,,,,,,406403.5168942788,0.0,30.0,1.0,1.0,0.0,130.35624340115237,1.0
DE1 3 0 offwind-float,DE1 3,WIND,W,,,,0.0,0,,,,,1,,,,,,,0,1,,,,,,,,,,321010.9511829425,0.0,30.0,1.0,1.0,0.0,81.23397671391612,1.0
DE1 3 0 offwind-float-c,DE1 3,WIND,W,,,,0.0,0,,,,,1,,,,,,,0,1,,,,,,,,,,321010.9511829425,0.0,30.0,1.0,1.0,0.0,81.23397671391612,1.0
DK1 0 0 offwind-float,DK1 0,WIND,W,,,,0.0,0,,,,,1,,,,,,,0,1,,,,,,,,,,373734.0451773651,0.0,30.0,1.0,1.0,0.0,6084.416289959963,1.0
DK1 0 0 offwind-float-c,DK1 0,WIND,W,,,,0.0,0,,,,,1,,,,,,,0,1,,,,,,,,,,373734.0451773651,0.0,30.0,1.0,1.0,0.0,6084.416289959963,1.0
DK2 0 0 offwind-float,DK2 0,WIND,W,,,,0.0,0,,,,,1,,,,,,,0,1,,,,,,,,,,376548.3452597404,0.0,30.0,1.0,1.0,0.0,3260.40994220862,1.0
DK2 0 0 offwind-float-c,DK2 0,WIND,W,,,,0.0,0,,,,,1,,,,,,,0,1,,,,,,,,,,376548.3452597404,0.0,30.0,1.0,1.0,0.0,3260.40994220862,1.0
EE7 0 0 offwind-float,EE7 0,WIND,W,,,,0.0,0,,,,,1,,,,,,,0,1,,,,,,,,,,347563.1526350283,0.0,30.0,1.0,1.0,0.0,5865.750685222107,1.0
EE7 0 0 offwind-float-c,EE7 0,WIND,W,,,,0.0,0,,,,,1,,,,,,,0,1,,,,,,,,,,347563.1526350283,0.0,30.0,1.0,1.0,0.0,5865.750685222107,1.0
ES1 0 0 offwind-float,ES1 0,WIND,W,,,,0.0,0,,,,,1,,,,,,,0,1,,,,,,,,,,330074.54073258274,0.0,30.0,1.0,1.0,0.0,43461.984189390976,1.0
ES1 0 0 offwind-float-c,ES1 0,WIND,W,,,,0.0,0,,,,,1,,,,,,,0,1,,,,,,,,,,330074.54073258274,0.0,30.0,1.0,1.0,0.0,43461.984189390976,1.0
ES4 0 0 offwind-float,ES4 0,WIND,W,,,,0.0,0,,,,,1,,,,,,,0,1,,,,,,,,,,334403.4019347469,0.0,30.0,1.0,1.0,0.0,16346.847464280254,1.0
ES4 0 0 offwind-float-c,ES4 0,WIND,W,,,,0.0,0,,,,,1,,,,,,,0,1,,,,,,,,,,334403.4019347469,0.0,30.0,1.0,1.0,0.0,16346.847464280254,1.0
FI2 0 0 offwind-float,FI2 0,WIND,W,,,,0.0,0,,,,,1,,,,,,,0,1,,,,,,,,,,336885.68288758746,0.0,30.0,1.0,1.0,0.0,29397.80465544564,1.0
FI2 0 0 offwind-float-c,FI2 0,WIND,W,,,,0.0,0,,,,,1,,,,,,,0,1,,,,,,,,,,336885.68288758746,0.0,30.0,1.0,1.0,0.0,29397.80465544564,1.0
FR1 1 0 offwind-float,FR1 1,WIND,W,,,,0.0,0,,,,,1,,,,,,,0,1,,,,,,,,,,329149.05414052197,0.0,30.0,1.0,1.0,0.0,14792.66582883326,1.0
FR1 1 0 offwind-float-c,FR1 1,WIND,W,,,,0.0,0,,,,,1,,,,,,,0,1,,,,,,,,,,329149.05414052197,0.0,30.0,1.0,1.0,0.0,14792.66582883326,1.0
FR1 2 0 offwind-float,FR1 2,WIND,W,,,,0.0,0,,,,,1,,,,,,,0,1,,,,,,,,,,327291.0959596357,0.0,30.0,1.0,1.0,0.0,9201.453949717135,1.0
FR1 2 0 offwind-float-c,FR1 2,WIND,W,,,,0.0,0,,,,,1,,,,,,,0,1,,,,,,,,,,327291.0959596357,0.0,30.0,1.0,1.0,0.0,9201.453949717135,1.0
FR1 3 0 offwind-float,FR1 3,WIND,W,,,,0.0,0,,,,,1,,,,,,,0,1,,,,,,,,,,355527.2100159398,0.0,30.0,1.0,1.0,0.0,99691.7381151049,1.0
FR1 3 0 offwind-float-c,FR1 3,WIND,W,,,,0.0,0,,,,,1,,,,,,,0,1,,,,,,,,,,355527.2100159398,0.0,30.0,1.0,1.0,0.0,99691.7381151049,1.0
FR1 4 0 offwind-float,FR1 4,WIND,W,,,,0.0,0,,,,,1,,,,,,,0,1,,,,,,,,,,319880.9672925994,0.0,30.0,1.0,1.0,0.0,62.78122285961839,1.0
FR1 4 0 offwind-float-c,FR1 4,WIND,W,,,,0.0,0,,,,,1,,,,,,,0,1,,,,,,,,,,319880.9672925994,0.0,30.0,1.0,1.0,0.0,62.78122285961839,1.0
FR5 0 0 offwind-float,FR5 0,WIND,W,,,,0.0,0,,,,,1,,,,,,,0,1,,,,,,,,,,321094.43029664765,0.0,30.0,1.0,1.0,0.0,3904.6413890731083,1.0
FR5 0 0 offwind-float-c,FR5 0,WIND,W,,,,0.0,0,,,,,1,,,,,,,0,1,,,,,,,,,,321094.43029664765,0.0,30.0,1.0,1.0,0.0,3904.6413890731083,1.0
GB0 0 0 offwind-float,GB0 0,WIND,W,,,,0.0,0,,,,,1,,,,,,,0,1,,,,,,,,,,371786.7951316214,0.0,30.0,1.0,1.0,0.0,130433.15719327313,1.0
GB0 0 0 offwind-float-c,GB0 0,WIND,W,,,,0.0,0,,,,,1,,,,,,,0,1,,,,,,,,,,371786.7951316214,0.0,30.0,1.0,1.0,0.0,130433.15719327313,1.0
GB0 1 0 offwind-float,GB0 1,WIND,W,,,,0.0,0,,,,,1,,,,,,,0,1,,,,,,,,,,373227.67056937516,0.0,30.0,1.0,1.0,0.0,405980.78622723476,1.0
GB0 1 0 offwind-float-c,GB0 1,WIND,W,,,,0.0,0,,,,,1,,,,,,,0,1,,,,,,,,,,373227.67056937516,0.0,30.0,1.0,1.0,0.0,405980.78622723476,1.0
GB6 0 0 offwind-float,GB6 0,WIND,W,,,,0.0,0,,,,,1,,,,,,,0,1,,,,,,,,,,395131.4566875441,0.0,30.0,1.0,1.0,0.0,57303.981598270286,1.0
GB6 0 0 offwind-float-c,GB6 0,WIND,W,,,,0.0,0,,,,,1,,,,,,,0,1,,,,,,,,,,395131.4566875441,0.0,30.0,1.0,1.0,0.0,57303.981598270286,1.0
GR1 0 0 offwind-float,GR1 0,WIND,W,,,,0.0,0,,,,,1,,,,,,,0,1,,,,,,,,,,364013.8156173597,0.0,30.0,1.0,1.0,0.0,138048.83264512487,1.0
GR1 0 0 offwind-float-c,GR1 0,WIND,W,,,,0.0,0,,,,,1,,,,,,,0,1,,,,,,,,,,364013.8156173597,0.0,30.0,1.0,1.0,0.0,138048.83264512487,1.0
HR1 0 0 offwind-float,HR1 0,WIND,W,,,,0.0,0,,,,,1,,,,,,,0,1,,,,,,,,,,333384.6538922804,0.0,30.0,1.0,1.0,0.0,25045.314688797425,1.0
HR1 0 0 offwind-float-c,HR1 0,WIND,W,,,,0.0,0,,,,,1,,,,,,,0,1,,,,,,,,,,333384.6538922804,0.0,30.0,1.0,1.0,0.0,25045.314688797425,1.0
IE6 0 0 offwind-float,IE6 0,WIND,W,,,,0.0,0,,,,,1,,,,,,,0,1,,,,,,,,,,349924.47695524583,0.0,30.0,1.0,1.0,0.0,264556.7282589354,1.0
IE6 0 0 offwind-float-c,IE6 0,WIND,W,,,,0.0,0,,,,,1,,,,,,,0,1,,,,,,,,,,349924.47695524583,0.0,30.0,1.0,1.0,0.0,264556.7282589354,1.0
IT1 0 0 offwind-float,IT1 0,WIND,W,,,,0.0,0,,,,,1,,,,,,,0,1,,,,,,,,,,328213.651660037,0.0,30.0,1.0,1.0,0.0,29626.27091799733,1.0
IT1 0 0 offwind-float-c,IT1 0,WIND,W,,,,0.0,0,,,,,1,,,,,,,0,1,,,,,,,,,,328213.651660037,0.0,30.0,1.0,1.0,0.0,29626.27091799733,1.0
IT1 1 0 offwind-float,IT1 1,WIND,W,,,,0.0,0,,,,,1,,,,,,,0,1,,,,,,,,,,338821.5118586877,0.0,30.0,1.0,1.0,0.0,103597.77814092071,1.0
IT1 1 0 offwind-float-c,IT1 1,WIND,W,,,,0.0,0,,,,,1,,,,,,,0,1,,,,,,,,,,338821.5118586877,0.0,30.0,1.0,1.0,0.0,103597.77814092071,1.0
IT3 0 0 offwind-float,IT3 0,WIND,W,,,,0.0,0,,,,,1,,,,,,,0,1,,,,,,,,,,326602.4846996936,0.0,30.0,1.0,1.0,0.0,32046.40316010113,1.0
IT3 0 0 offwind-float-c,IT3 0,WIND,W,,,,0.0,0,,,,,1,,,,,,,0,1,,,,,,,,,,326602.4846996936,0.0,30.0,1.0,1.0,0.0,32046.40316010113,1.0
LT7 0 0 offwind-float,LT7 0,WIND,W,,,,0.0,0,,,,,1,,,,,,,0,1,,,,,,,,,,342540.5996580926,0.0,30.0,1.0,1.0,0.0,1963.8591163769638,1.0
LT7 0 0 offwind-float-c,LT7 0,WIND,W,,,,0.0,0,,,,,1,,,,,,,0,1,,,,,,,,,,342540.5996580926,0.0,30.0,1.0,1.0,0.0,1963.8591163769638,1.0
LV7 0 0 offwind-float,LV7 0,WIND,W,,,,0.0,0,,,,,1,,,,,,,0,1,,,,,,,,,,336986.1233005195,0.0,30.0,1.0,1.0,0.0,10511.060930651996,1.0
LV7 0 0 offwind-float-c,LV7 0,WIND,W,,,,0.0,0,,,,,1,,,,,,,0,1,,,,,,,,,,336986.1233005195,0.0,30.0,1.0,1.0,0.0,10511.060930651996,1.0
ME1 0 0 offwind-float,ME1 0,WIND,W,,,,0.0,0,,,,,1,,,,,,,0,1,,,,,,,,,,327556.39942910895,0.0,30.0,1.0,1.0,0.0,6624.026722734136,1.0
ME1 0 0 offwind-float-c,ME1 0,WIND,W,,,,0.0,0,,,,,1,,,,,,,0,1,,,,,,,,,,327556.39942910895,0.0,30.0,1.0,1.0,0.0,6624.026722734136,1.0
NL1 0 0 offwind-float,NL1 0,WIND,W,,,,0.0,0,,,,,1,,,,,,,0,1,,,,,,,,,,338610.44710173446,0.0,30.0,1.0,1.0,0.0,194.65459823811742,1.0
NL1 0 0 offwind-float-c,NL1 0,WIND,W,,,,0.0,0,,,,,1,,,,,,,0,1,,,,,,,,,,338610.44710173446,0.0,30.0,1.0,1.0,0.0,194.65459823811742,1.0
NO2 0 0 offwind-float,NO2 0,WIND,W,,,,0.0,0,,,,,1,,,,,,,0,1,,,,,,,,,,357119.46315493184,0.0,30.0,1.0,1.0,0.0,671240.9477256198,1.0
NO2 0 0 offwind-float-c,NO2 0,WIND,W,,,,0.0,0,,,,,1,,,,,,,0,1,,,,,,,,,,357119.46315493184,0.0,30.0,1.0,1.0,0.0,671240.9477256198,1.0
PL1 0 0 offwind-float,PL1 0,WIND,W,,,,0.0,0,,,,,1,,,,,,,0,1,,,,,,,,,,335145.63877788145,0.0,30.0,1.0,1.0,0.0,13376.703647367296,1.0
PL1 0 0 offwind-float-c,PL1 0,WIND,W,,,,0.0,0,,,,,1,,,,,,,0,1,,,,,,,,,,335145.63877788145,0.0,30.0,1.0,1.0,0.0,13376.703647367296,1.0
PT1 0 0 offwind-float,PT1 0,WIND,W,,,,0.0,0,,,,,1,,,,,,,0,1,,,,,,,,,,325346.75528132153,0.0,30.0,1.0,1.0,0.0,20408.08998098335,1.0
PT1 0 0 offwind-float-c,PT1 0,WIND,W,,,,0.0,0,,,,,1,,,,,,,0,1,,,,,,,,,,325346.75528132153,0.0,30.0,1.0,1.0,0.0,20408.08998098335,1.0
RO1 0 0 offwind-float,RO1 0,WIND,W,,,,0.0,0,,,,,1,,,,,,,0,1,,,,,,,,,,348665.2301512314,0.0,30.0,1.0,1.0,0.0,14628.957075912775,1.0
RO1 0 0 offwind-float-c,RO1 0,WIND,W,,,,0.0,0,,,,,1,,,,,,,0,1,,,,,,,,,,348665.2301512314,0.0,30.0,1.0,1.0,0.0,14628.957075912775,1.0
SE2 0 0 offwind-float,SE2 0,WIND,W,,,,0.0,0,,,,,1,,,,,,,0,1,,,,,,,,,,338068.55518997635,0.0,30.0,1.0,1.0,0.0,61871.50829336666,1.0
SE2 0 0 offwind-float-c,SE2 0,WIND,W,,,,0.0,0,,,,,1,,,,,,,0,1,,,,,,,,,,338068.55518997635,0.0,30.0,1.0,1.0,0.0,61871.50829336666,1.0
SI1 0 0 offwind-float,SI1 0,WIND,W,,,,0.0,0,,,,,1,,,,,,,0,1,,,,,,,,,,315805.1274207438,0.0,30.0,1.0,1.0,0.0,12.163357269202123,1.0
SI1 0 0 offwind-float-c,SI1 0,WIND,W,,,,0.0,0,,,,,1,,,,,,,0,1,,,,,,,,,,315805.1274207438,0.0,30.0,1.0,1.0,0.0,12.163357269202123,1.0
BE1 0 0 offwind-dc,BE1 0,WIND,W,,,,0.0,0,,,,,1,,,,,,,0,1,,,,,,,,,,305063.536429646,0.0,30.0,1.0,1.0,0.0,867.9415481183041,1.0
BE1 0 0 offwind-dc-c,BE1 0,WIND,W,,,,0.0,0,,,,,1,,,,,,,0,1,,,,,,,,,,305063.536429646,0.0,30.0,1.0,1.0,0.0,867.9415481183041,1.0
BG1 0 0 offwind-dc,BG1 0,WIND,W,,,,0.0,0,,,,,1,,,,,,,0,1,,,,,,,,,,309379.05566906056,0.0,30.0,1.0,1.0,0.0,15.577082145369413,1.0
BG1 0 0 offwind-dc-c,BG1 0,WIND,W,,,,0.0,0,,,,,1,,,,,,,0,1,,,,,,,,,,309379.05566906056,0.0,30.0,1.0,1.0,0.0,15.577082145369413,1.0
DE1 0 0 offwind-dc,DE1 0,WIND,W,,,,0.0,0,,,,,1,,,,,,,0,1,,,,,,,,,,321317.1947330623,0.0,30.0,1.0,1.0,0.0,1458.0870967347707,1.0
DE1 0 0 offwind-dc-c,DE1 0,WIND,W,,,,0.0,0,,,,,1,,,,,,,0,1,,,,,,,,,,321317.1947330623,0.0,30.0,1.0,1.0,0.0,1458.0870967347707,1.0
DE1 2 0 offwind-dc,DE1 2,WIND,W,,,,0.0,0,,,,,1,,,,,,,0,1,,,,,,,,,,348311.88342085236,0.0,30.0,1.0,1.0,0.0,19993.879887139006,1.0
DE1 2 0 offwind-dc-c,DE1 2,WIND,W,,,,0.0,0,,,,,1,,,,,,,0,1,,,,,,,,,,348311.88342085236,0.0,30.0,1.0,1.0,0.0,19993.879887139006,1.0
DE1 3 0 offwind-dc,DE1 3,WIND,W,,,,0.0,0,,,,,1,,,,,,,0,1,,,,,,,,,,312134.4350680243,0.0,30.0,1.0,1.0,0.0,256.31304561517277,1.0
DE1 3 0 offwind-dc-c,DE1 3,WIND,W,,,,0.0,0,,,,,1,,,,,,,0,1,,,,,,,,,,312134.4350680243,0.0,30.0,1.0,1.0,0.0,256.31304561517277,1.0
DK1 0 0 offwind-dc,DK1 0,WIND,W,,,,0.0,0,,,,,1,,,,,,,0,1,,,,,,,,,,333166.78555614257,0.0,30.0,1.0,1.0,0.0,30454.815909100336,1.0
DK1 0 0 offwind-dc-c,DK1 0,WIND,W,,,,0.0,0,,,,,1,,,,,,,0,1,,,,,,,,,,333166.78555614257,0.0,30.0,1.0,1.0,0.0,30454.815909100336,1.0
DK2 0 0 offwind-dc,DK2 0,WIND,W,,,,0.0,0,,,,,1,,,,,,,0,1,,,,,,,,,,329069.9078980609,0.0,30.0,1.0,1.0,0.0,1045.0883100521069,1.0
DK2 0 0 offwind-dc-c,DK2 0,WIND,W,,,,0.0,0,,,,,1,,,,,,,0,1,,,,,,,,,,329069.9078980609,0.0,30.0,1.0,1.0,0.0,1045.0883100521069,1.0
EE7 0 0 offwind-dc,EE7 0,WIND,W,,,,0.0,0,,,,,1,,,,,,,0,1,,,,,,,,,,313749.696465718,0.0,30.0,1.0,1.0,0.0,2698.580330431135,1.0
EE7 0 0 offwind-dc-c,EE7 0,WIND,W,,,,0.0,0,,,,,1,,,,,,,0,1,,,,,,,,,,313749.696465718,0.0,30.0,1.0,1.0,0.0,2698.580330431135,1.0
FI2 0 0 offwind-dc,FI2 0,WIND,W,,,,0.0,0,,,,,1,,,,,,,0,1,,,,,,,,,,309626.26701219217,0.0,30.0,1.0,1.0,0.0,18749.730600167793,1.0
FI2 0 0 offwind-dc-c,FI2 0,WIND,W,,,,0.0,0,,,,,1,,,,,,,0,1,,,,,,,,,,309626.26701219217,0.0,30.0,1.0,1.0,0.0,18749.730600167793,1.0
FR1 1 0 offwind-dc,FR1 1,WIND,W,,,,0.0,0,,,,,1,,,,,,,0,1,,,,,,,,,,300601.9861570741,0.0,30.0,1.0,1.0,0.0,392.35587359437204,1.0
FR1 1 0 offwind-dc-c,FR1 1,WIND,W,,,,0.0,0,,,,,1,,,,,,,0,1,,,,,,,,,,300601.9861570741,0.0,30.0,1.0,1.0,0.0,392.35587359437204,1.0
FR1 3 0 offwind-dc,FR1 3,WIND,W,,,,0.0,0,,,,,1,,,,,,,0,1,,,,,,,,,,305339.87306922884,0.0,30.0,1.0,1.0,0.0,3892.103741883042,1.0
FR1 3 0 offwind-dc-c,FR1 3,WIND,W,,,,0.0,0,,,,,1,,,,,,,0,1,,,,,,,,,,305339.87306922884,0.0,30.0,1.0,1.0,0.0,3892.103741883042,1.0
FR1 4 0 offwind-dc,FR1 4,WIND,W,,,,0.0,0,,,,,1,,,,,,,0,1,,,,,,,,,,303643.68677012116,0.0,30.0,1.0,1.0,0.0,2606.680982306848,1.0
FR1 4 0 offwind-dc-c,FR1 4,WIND,W,,,,0.0,0,,,,,1,,,,,,,0,1,,,,,,,,,,303643.68677012116,0.0,30.0,1.0,1.0,0.0,2606.680982306848,1.0
GB0 0 0 offwind-dc,GB0 0,WIND,W,,,,0.0,0,,,,,1,,,,,,,0,1,,,,,,,,,,326371.734859725,0.0,30.0,1.0,1.0,0.0,34020.96739389374,1.0
GB0 0 0 offwind-dc-c,GB0 0,WIND,W,,,,0.0,0,,,,,1,,,,,,,0,1,,,,,,,,,,326371.734859725,0.0,30.0,1.0,1.0,0.0,34020.96739389374,1.0
GB0 1 0 offwind-dc,GB0 1,WIND,W,,,,0.0,0,,,,,1,,,,,,,0,1,,,,,,,,,,309479.57439281384,0.0,30.0,1.0,1.0,0.0,17007.215913414257,1.0
GB0 1 0 offwind-dc-c,GB0 1,WIND,W,,,,0.0,0,,,,,1,,,,,,,0,1,,,,,,,,,,309479.57439281384,0.0,30.0,1.0,1.0,0.0,17007.215913414257,1.0
GB6 0 0 offwind-dc,GB6 0,WIND,W,,,,0.0,0,,,,,1,,,,,,,0,1,,,,,,,,,,350271.31241363985,0.0,30.0,1.0,1.0,0.0,3483.043783643867,1.0
GB6 0 0 offwind-dc-c,GB6 0,WIND,W,,,,0.0,0,,,,,1,,,,,,,0,1,,,,,,,,,,350271.31241363985,0.0,30.0,1.0,1.0,0.0,3483.043783643867,1.0
GR1 0 0 offwind-dc,GR1 0,WIND,W,,,,0.0,0,,,,,1,,,,,,,0,1,,,,,,,,,,349009.52490401303,0.0,30.0,1.0,1.0,0.0,5777.509690736304,1.0
GR1 0 0 offwind-dc-c,GR1 0,WIND,W,,,,0.0,0,,,,,1,,,,,,,0,1,,,,,,,,,,349009.52490401303,0.0,30.0,1.0,1.0,0.0,5777.509690736304,1.0
HR1 0 0 offwind-dc,HR1 0,WIND,W,,,,0.0,0,,,,,1,,,,,,,0,1,,,,,,,,,,305249.3493625721,0.0,30.0,1.0,1.0,0.0,6333.714002045667,1.0
HR1 0 0 offwind-dc-c,HR1 0,WIND,W,,,,0.0,0,,,,,1,,,,,,,0,1,,,,,,,,,,305249.3493625721,0.0,30.0,1.0,1.0,0.0,6333.714002045667,1.0
IE6 0 0 offwind-dc,IE6 0,WIND,W,,,,0.0,0,,,,,1,,,,,,,0,1,,,,,,,,,,304165.9437380841,0.0,30.0,1.0,1.0,0.0,1022.6895189498268,1.0
IE6 0 0 offwind-dc-c,IE6 0,WIND,W,,,,0.0,0,,,,,1,,,,,,,0,1,,,,,,,,,,304165.9437380841,0.0,30.0,1.0,1.0,0.0,1022.6895189498268,1.0
IT1 0 0 offwind-dc,IT1 0,WIND,W,,,,0.0,0,,,,,1,,,,,,,0,1,,,,,,,,,,303926.09189514705,0.0,30.0,1.0,1.0,0.0,3246.8495835747726,1.0
IT1 0 0 offwind-dc-c,IT1 0,WIND,W,,,,0.0,0,,,,,1,,,,,,,0,1,,,,,,,,,,303926.09189514705,0.0,30.0,1.0,1.0,0.0,3246.8495835747726,1.0
IT1 1 0 offwind-dc,IT1 1,WIND,W,,,,0.0,0,,,,,1,,,,,,,0,1,,,,,,,,,,357534.4600513645,0.0,30.0,1.0,1.0,0.0,1476.9915415723685,1.0
IT1 1 0 offwind-dc-c,IT1 1,WIND,W,,,,0.0,0,,,,,1,,,,,,,0,1,,,,,,,,,,357534.4600513645,0.0,30.0,1.0,1.0,0.0,1476.9915415723685,1.0
LT7 0 0 offwind-dc,LT7 0,WIND,W,,,,0.0,0,,,,,1,,,,,,,0,1,,,,,,,,,,309298.01081146434,0.0,30.0,1.0,1.0,0.0,1896.3335198496802,1.0
LT7 0 0 offwind-dc-c,LT7 0,WIND,W,,,,0.0,0,,,,,1,,,,,,,0,1,,,,,,,,,,309298.01081146434,0.0,30.0,1.0,1.0,0.0,1896.3335198496802,1.0
LV7 0 0 offwind-dc,LV7 0,WIND,W,,,,0.0,0,,,,,1,,,,,,,0,1,,,,,,,,,,305414.09388029744,0.0,30.0,1.0,1.0,0.0,4647.576699649621,1.0
LV7 0 0 offwind-dc-c,LV7 0,WIND,W,,,,0.0,0,,,,,1,,,,,,,0,1,,,,,,,,,,305414.09388029744,0.0,30.0,1.0,1.0,0.0,4647.576699649621,1.0
NL1 0 0 offwind-dc,NL1 0,WIND,W,,,,0.0,0,,,,,1,,,,,,,0,1,,,,,,,,,,333216.5205190801,0.0,30.0,1.0,1.0,0.0,51519.40740457511,1.0
NL1 0 0 offwind-dc-c,NL1 0,WIND,W,,,,0.0,0,,,,,1,,,,,,,0,1,,,,,,,,,,333216.5205190801,0.0,30.0,1.0,1.0,0.0,51519.40740457511,1.0
NO2 0 0 offwind-dc,NO2 0,WIND,W,,,,0.0,0,,,,,1,,,,,,,0,1,,,,,,,,,,331623.06953100354,0.0,30.0,1.0,1.0,0.0,15108.432060711246,1.0
NO2 0 0 offwind-dc-c,NO2 0,WIND,W,,,,0.0,0,,,,,1,,,,,,,0,1,,,,,,,,,,331623.06953100354,0.0,30.0,1.0,1.0,0.0,15108.432060711246,1.0
PL1 0 0 offwind-dc,PL1 0,WIND,W,,,,0.0,0,,,,,1,,,,,,,0,1,,,,,,,,,,308766.38322581234,0.0,30.0,1.0,1.0,0.0,5810.202744281232,1.0
PL1 0 0 offwind-dc-c,PL1 0,WIND,W,,,,0.0,0,,,,,1,,,,,,,0,1,,,,,,,,,,308766.38322581234,0.0,30.0,1.0,1.0,0.0,5810.202744281232,1.0
RO1 0 0 offwind-dc,RO1 0,WIND,W,,,,0.0,0,,,,,1,,,,,,,0,1,,,,,,,,,,305375.35414571484,0.0,30.0,1.0,1.0,0.0,2637.485673464752,1.0
RO1 0 0 offwind-dc-c,RO1 0,WIND,W,,,,0.0,0,,,,,1,,,,,,,0,1,,,,,,,,,,305375.35414571484,0.0,30.0,1.0,1.0,0.0,2637.485673464752,1.0
SE2 0 0 offwind-dc,SE2 0,WIND,W,,,,0.0,0,,,,,1,,,,,,,0,1,,,,,,,,,,314642.3785298045,0.0,30.0,1.0,1.0,0.0,21553.46220912196,1.0
SE2 0 0 offwind-dc-c,SE2 0,WIND,W,,,,0.0,0,,,,,1,,,,,,,0,1,,,,,,,,,,314642.3785298045,0.0,30.0,1.0,1.0,0.0,21553.46220912196,1.0
AL1 0 0 onwind,AL1 0,WIND,W,,,,150.0,0,,,,,1,,,,,,,0,1,,,,,,,,,,118819.88845458832,0.0,30.0,1.0,1.0,150.0,68889.01615160657,1.0
AL1 0 0 onwind-c,AL1 0,WIND,W,,,,150.0,0,,,,,1,,,,,,,0,1,,,,,,,,,,118819.88845458832,0.0,30.0,1.0,1.0,150.0,68889.01615160657,1.0
AT1 0 0 onwind,AT1 0,WIND,W,,,,2788.6,0,,,,,1,,,,,,,0,1,,,,,,,,,,118819.88845458832,0.0,30.0,1.0,1.0,2788.6,139683.62521674664,1.0
AT1 0 0 onwind-c,AT1 0,WIND,W,,,,2788.6,0,,,,,1,,,,,,,0,1,,,,,,,,,,118819.88845458832,0.0,30.0,1.0,1.0,2788.6,139683.62521674664,1.0
BA1 0 0 onwind,BA1 0,WIND,W,,,,244.0,0,,,,,1,,,,,,,0,1,,,,,,,,,,118819.88845458832,0.0,30.0,1.0,1.0,244.0,138454.86141214747,1.0
BA1 0 0 onwind-c,BA1 0,WIND,W,,,,244.0,0,,,,,1,,,,,,,0,1,,,,,,,,,,118819.88845458832,0.0,30.0,1.0,1.0,244.0,138454.86141214747,1.0
BE1 0 0 onwind,BE1 0,WIND,W,,,,1753.56,0,,,,,1,,,,,,,0,1,,,,,,,,,,118819.88845458832,0.0,30.0,1.0,1.0,1753.56,15235.048348819757,1.0
BE1 0 0 onwind-c,BE1 0,WIND,W,,,,1753.56,0,,,,,1,,,,,,,0,1,,,,,,,,,,118819.88845458832,0.0,30.0,1.0,1.0,1753.56,15235.048348819757,1.0
BG1 0 0 onwind,BG1 0,WIND,W,,,,608.0,0,,,,,1,,,,,,,0,1,,,,,,,,,,118819.88845458832,0.0,30.0,1.0,1.0,608.0,142640.30549572484,1.0
BG1 0 0 onwind-c,BG1 0,WIND,W,,,,608.0,0,,,,,1,,,,,,,0,1,,,,,,,,,,118819.88845458832,0.0,30.0,1.0,1.0,608.0,142640.30549572484,1.0
CH1 0 0 onwind,CH1 0,WIND,W,,,,55.0,0,,,,,1,,,,,,,0,1,,,,,,,,,,118819.88845458832,0.0,30.0,1.0,1.0,55.0,76970.00785692071,1.0
CH1 0 0 onwind-c,CH1 0,WIND,W,,,,55.0,0,,,,,1,,,,,,,0,1,,,,,,,,,,118819.88845458832,0.0,30.0,1.0,1.0,55.0,76970.00785692071,1.0
CZ1 0 0 onwind,CZ1 0,WIND,W,,,,155.26,0,,,,,1,,,,,,,0,1,,,,,,,,,,118819.88845458832,0.0,30.0,1.0,1.0,155.26,103089.68339452075,1.0
CZ1 0 0 onwind-c,CZ1 0,WIND,W,,,,155.26,0,,,,,1,,,,,,,0,1,,,,,,,,,,118819.88845458832,0.0,30.0,1.0,1.0,155.26,103089.68339452075,1.0
DE1 0 0 onwind,DE1 0,WIND,W,,,,25046.2064,0,,,,,1,,,,,,,0,1,,,,,,,,,,118819.88845458832,0.0,30.0,1.0,1.0,25046.2064,104165.19158955412,1.0
DE1 0 0 onwind-c,DE1 0,WIND,W,,,,25046.2064,0,,,,,1,,,,,,,0,1,,,,,,,,,,118819.88845458832,0.0,30.0,1.0,1.0,25046.2064,104165.19158955412,1.0
DE1 1 0 onwind,DE1 1,WIND,W,,,,2102.2219999999998,0,,,,,1,,,,,,,0,1,,,,,,,,,,118819.88845458832,0.0,30.0,1.0,1.0,2102.2219999999998,107206.1520198528,1.0
DE1 1 0 onwind-c,DE1 1,WIND,W,,,,2102.2219999999998,0,,,,,1,,,,,,,0,1,,,,,,,,,,118819.88845458832,0.0,30.0,1.0,1.0,2102.2219999999998,107206.1520198528,1.0
DE1 2 0 onwind,DE1 2,WIND,W,,,,11604.929,0,,,,,1,,,,,,,0,1,,,,,,,,,,118819.88845458832,0.0,30.0,1.0,1.0,11604.929,54441.38810464434,1.0
DE1 2 0 onwind-c,DE1 2,WIND,W,,,,11604.929,0,,,,,1,,,,,,,0,1,,,,,,,,,,118819.88845458832,0.0,30.0,1.0,1.0,11604.929,54441.38810464434,1.0
DE1 3 0 onwind,DE1 3,WIND,W,,,,21379.3015,0,,,,,1,,,,,,,0,1,,,,,,,,,,118819.88845458832,0.0,30.0,1.0,1.0,21379.3015,104624.14090932725,1.0
DE1 3 0 onwind-c,DE1 3,WIND,W,,,,21379.3015,0,,,,,1,,,,,,,0,1,,,,,,,,,,118819.88845458832,0.0,30.0,1.0,1.0,21379.3015,104624.14090932725,1.0
DE1 4 0 onwind,DE1 4,WIND,W,,,,3933.4339999999997,0,,,,,1,,,,,,,0,1,,,,,,,,,,118819.88845458832,0.0,30.0,1.0,1.0,3933.4339999999997,65776.0440679759,1.0
DE1 4 0 onwind-c,DE1 4,WIND,W,,,,3933.4339999999997,0,,,,,1,,,,,,,0,1,,,,,,,,,,118819.88845458832,0.0,30.0,1.0,1.0,3933.4339999999997,65776.0440679759,1.0
DE1 5 0 onwind,DE1 5,WIND,W,,,,9266.073,0,,,,,1,,,,,,,0,1,,,,,,,,,,118819.88845458832,0.0,30.0,1.0,1.0,9266.073,52509.6598877129,1.0
DE1 5 0 onwind-c,DE1 5,WIND,W,,,,9266.073,0,,,,,1,,,,,,,0,1,,,,,,,,,,118819.88845458832,0.0,30.0,1.0,1.0,9266.073,52509.6598877129,1.0
DK1 0 0 onwind,DK1 0,WIND,W,,,,1798.7,0,,,,,1,,,,,,,0,1,,,,,,,,,,118819.88845458832,0.0,30.0,1.0,1.0,1798.7,64618.11741839764,1.0
DK1 0 0 onwind-c,DK1 0,WIND,W,,,,1798.7,0,,,,,1,,,,,,,0,1,,,,,,,,,,118819.88845458832,0.0,30.0,1.0,1.0,1798.7,64618.11741839764,1.0
DK2 0 0 onwind,DK2 0,WIND,W,,,,188.0,0,,,,,1,,,,,,,0,1,,,,,,,,,,118819.88845458832,0.0,30.0,1.0,1.0,188.0,15945.684313171356,1.0
DK2 0 0 onwind-c,DK2 0,WIND,W,,,,188.0,0,,,,,1,,,,,,,0,1,,,,,,,,,,118819.88845458832,0.0,30.0,1.0,1.0,188.0,15945.684313171356,1.0
EE7 0 0 onwind,EE7 0,WIND,W,,,,688.0,0,,,,,1,,,,,,,0,1,,,,,,,,,,118819.88845458832,0.0,30.0,1.0,1.0,688.0,93754.84351048479,1.0
EE7 0 0 onwind-c,EE7 0,WIND,W,,,,688.0,0,,,,,1,,,,,,,0,1,,,,,,,,,,118819.88845458832,0.0,30.0,1.0,1.0,688.0,93754.84351048479,1.0
ES1 0 0 onwind,ES1 0,WIND,W,,,,31792.7,0,,,,,1,,,,,,,0,1,,,,,,,,,,118819.88845458832,0.0,30.0,1.0,1.0,31792.7,930674.7481661618,1.0
ES1 0 0 onwind-c,ES1 0,WIND,W,,,,31792.7,0,,,,,1,,,,,,,0,1,,,,,,,,,,118819.88845458832,0.0,30.0,1.0,1.0,31792.7,930674.7481661618,1.0
ES4 0 0 onwind,ES4 0,WIND,W,,,,0.0,0,,,,,1,,,,,,,0,1,,,,,,,,,,118819.88845458832,0.0,30.0,1.0,1.0,0.0,7861.310814535579,1.0
ES4 0 0 onwind-c,ES4 0,WIND,W,,,,0.0,0,,,,,1,,,,,,,0,1,,,,,,,,,,118819.88845458832,0.0,30.0,1.0,1.0,0.0,7861.310814535579,1.0
FI2 0 0 onwind,FI2 0,WIND,W,,,,8658.3,0,,,,,1,,,,,,,0,1,,,,,,,,,,118819.88845458832,0.0,30.0,1.0,1.0,8658.3,683020.5055605685,1.0
FI2 0 0 onwind-c,FI2 0,WIND,W,,,,8658.3,0,,,,,1,,,,,,,0,1,,,,,,,,,,118819.88845458832,0.0,30.0,1.0,1.0,8658.3,683020.5055605685,1.0
FR1 0 0 onwind,FR1 0,WIND,W,,,,3254.9,0,,,,,1,,,,,,,0,1,,,,,,,,,,118819.88845458832,0.0,30.0,1.0,1.0,3254.9,105946.66367880642,1.0
FR1 0 0 onwind-c,FR1 0,WIND,W,,,,3254.9,0,,,,,1,,,,,,,0,1,,,,,,,,,,118819.88845458832,0.0,30.0,1.0,1.0,3254.9,105946.66367880642,1.0
FR1 1 0 onwind,FR1 1,WIND,W,,,,3642.1,0,,,,,1,,,,,,,0,1,,,,,,,,,,118819.88845458832,0.0,30.0,1.0,1.0,3642.1,313062.29354066966,1.0
FR1 1 0 onwind-c,FR1 1,WIND,W,,,,3642.1,0,,,,,1,,,,,,,0,1,,,,,,,,,,118819.88845458832,0.0,30.0,1.0,1.0,3642.1,313062.29354066966,1.0
FR1 2 0 onwind,FR1 2,WIND,W,,,,1596.4,0,,,,,1,,,,,,,0,1,,,,,,,,,,118819.88845458832,0.0,30.0,1.0,1.0,1596.4,201048.17566433887,1.0
FR1 2 0 onwind-c,FR1 2,WIND,W,,,,1596.4,0,,,,,1,,,,,,,0,1,,,,,,,,,,118819.88845458832,0.0,30.0,1.0,1.0,1596.4,201048.17566433887,1.0
FR1 3 0 onwind,FR1 3,WIND,W,,,,2600.9,0,,,,,1,,,,,,,0,1,,,,,,,,,,118819.88845458832,0.0,30.0,1.0,1.0,2600.9,157253.12955719358,1.0
FR1 3 0 onwind-c,FR1 3,WIND,W,,,,2600.9,0,,,,,1,,,,,,,0,1,,,,,,,,,,118819.88845458832,0.0,30.0,1.0,1.0,2600.9,157253.12955719358,1.0
FR1 4 0 onwind,FR1 4,WIND,W,,,,13141.7,0,,,,,1,,,,,,,0,1,,,,,,,,,,118819.88845458832,0.0,30.0,1.0,1.0,13141.7,172533.06083692782,1.0
FR1 4 0 onwind-c,FR1 4,WIND,W,,,,13141.7,0,,,,,1,,,,,,,0,1,,,,,,,,,,118819.88845458832,0.0,30.0,1.0,1.0,13141.7,172533.06083692782,1.0
FR5 0 0 onwind,FR5 0,WIND,W,,,,17.0,0,,,,,1,,,,,,,0,1,,,,,,,,,,118819.88845458832,0.0,30.0,1.0,1.0,17.0,11138.314676475782,1.0
FR5 0 0 onwind-c,FR5 0,WIND,W,,,,17.0,0,,,,,1,,,,,,,0,1,,,,,,,,,,118819.88845458832,0.0,30.0,1.0,1.0,17.0,11138.314676475782,1.0
GB0 0 0 onwind,GB0 0,WIND,W,,,,2562.6,0,,,,,1,,,,,,,0,1,,,,,,,,,,118819.88845458832,0.0,30.0,1.0,1.0,2562.6,189168.05013866033,1.0
GB0 0 0 onwind-c,GB0 0,WIND,W,,,,2562.6,0,,,,,1,,,,,,,0,1,,,,,,,,,,118819.88845458832,0.0,30.0,1.0,1.0,2562.6,189168.05013866033,1.0
GB0 1 0 onwind,GB0 1,WIND,W,,,,12589.0,0,,,,,1,,,,,,,0,1,,,,,,,,,,118819.88845458832,0.0,30.0,1.0,1.0,12589.0,217466.5722862521,1.0
GB0 1 0 onwind-c,GB0 1,WIND,W,,,,12589.0,0,,,,,1,,,,,,,0,1,,,,,,,,,,118819.88845458832,0.0,30.0,1.0,1.0,12589.0,217466.5722862521,1.0
GB6 0 0 onwind,GB6 0,WIND,W,,,,1286.3,0,,,,,1,,,,,,,0,1,,,,,,,,,,118819.88845458832,0.0,30.0,1.0,1.0,1286.3,31974.68329440059,1.0
GB6 0 0 onwind-c,GB6 0,WIND,W,,,,1286.3,0,,,,,1,,,,,,,0,1,,,,,,,,,,118819.88845458832,0.0,30.0,1.0,1.0,1286.3,31974.68329440059,1.0
GR1 0 0 onwind,GR1 0,WIND,W,,,,6093.4,0,,,,,1,,,,,,,0,1,,,,,,,,,,118819.88845458832,0.0,30.0,1.0,1.0,6093.4,215610.29088230676,1.0
GR1 0 0 onwind-c,GR1 0,WIND,W,,,,6093.4,0,,,,,1,,,,,,,0,1,,,,,,,,,,118819.88845458832,0.0,30.0,1.0,1.0,6093.4,215610.29088230676,1.0
HR1 0 0 onwind,HR1 0,WIND,W,,,,1140.0,0,,,,,1,,,,,,,0,1,,,,,,,,,,118819.88845458832,0.0,30.0,1.0,1.0,1140.0,78083.13433955392,1.0
HR1 0 0 onwind-c,HR1 0,WIND,W,,,,1140.0,0,,,,,1,,,,,,,0,1,,,,,,,,,,118819.88845458832,0.0,30.0,1.0,1.0,1140.0,78083.13433955392,1.0
HU1 0 0 onwind,HU1 0,WIND,W,,,,319.0,0,,,,,1,,,,,,,0,1,,,,,,,,,,118819.88845458832,0.0,30.0,1.0,1.0,319.0,136564.29543159372,1.0
HU1 0 0 onwind-c,HU1 0,WIND,W,,,,319.0,0,,,,,1,,,,,,,0,1,,,,,,,,,,118819.88845458832,0.0,30.0,1.0,1.0,319.0,136564.29543159372,1.0
IE6 0 0 onwind,IE6 0,WIND,W,,,,4562.7,0,,,,,1,,,,,,,0,1,,,,,,,,,,118819.88845458832,0.0,30.0,1.0,1.0,4562.7,142153.5216382723,1.0
IE6 0 0 onwind-c,IE6 0,WIND,W,,,,4562.7,0,,,,,1,,,,,,,0,1,,,,,,,,,,118819.88845458832,0.0,30.0,1.0,1.0,4562.7,142153.5216382723,1.0
IT1 0 0 onwind,IT1 0,WIND,W,,,,242.2,0,,,,,1,,,,,,,0,1,,,,,,,,,,118819.88845458832,0.0,30.0,1.0,1.0,242.2,253625.10736232117,1.0
IT1 0 0 onwind-c,IT1 0,WIND,W,,,,242.2,0,,,,,1,,,,,,,0,1,,,,,,,,,,118819.88845458832,0.0,30.0,1.0,1.0,242.2,253625.10736232117,1.0
IT1 1 0 onwind,IT1 1,WIND,W,,,,8915.3,0,,,,,1,,,,,,,0,1,,,,,,,,,,118819.88845458832,0.0,30.0,1.0,1.0,8915.3,202155.19156821741,1.0
IT1 1 0 onwind-c,IT1 1,WIND,W,,,,8915.3,0,,,,,1,,,,,,,0,1,,,,,,,,,,118819.88845458832,0.0,30.0,1.0,1.0,8915.3,202155.19156821741,1.0
IT3 0 0 onwind,IT3 0,WIND,W,,,,1185.0,0,,,,,1,,,,,,,0,1,,,,,,,,,,118819.88845458832,0.0,30.0,1.0,1.0,1185.0,55092.454299089906,1.0
IT3 0 0 onwind-c,IT3 0,WIND,W,,,,1185.0,0,,,,,1,,,,,,,0,1,,,,,,,,,,118819.88845458832,0.0,30.0,1.0,1.0,1185.0,55092.454299089906,1.0
LT7 0 0 onwind,LT7 0,WIND,W,,,,1493.0,0,,,,,1,,,,,,,0,1,,,,,,,,,,118819.88845458832,0.0,30.0,1.0,1.0,1493.0,128600.66983544252,1.0
LT7 0 0 onwind-c,LT7 0,WIND,W,,,,1493.0,0,,,,,1,,,,,,,0,1,,,,,,,,,,118819.88845458832,0.0,30.0,1.0,1.0,1493.0,128600.66983544252,1.0
LU1 0 0 onwind,LU1 0,WIND,W,,,,133.6,0,,,,,1,,,,,,,0,1,,,,,,,,,,118819.88845458832,0.0,30.0,1.0,1.0,133.6,2252.8789201726977,1.0
LU1 0 0 onwind-c,LU1 0,WIND,W,,,,133.6,0,,,,,1,,,,,,,0,1,,,,,,,,,,118819.88845458832,0.0,30.0,1.0,1.0,133.6,2252.8789201726977,1.0
LV7 0 0 onwind,LV7 0,WIND,W,,,,100.0,0,,,,,1,,,,,,,0,1,,,,,,,,,,118819.88845458832,0.0,30.0,1.0,1.0,100.0,150062.6681920152,1.0
LV7 0 0 onwind-c,LV7 0,WIND,W,,,,100.0,0,,,,,1,,,,,,,0,1,,,,,,,,,,118819.88845458832,0.0,30.0,1.0,1.0,100.0,150062.6681920152,1.0
ME1 0 0 onwind,ME1 0,WIND,W,,,,118.0,0,,,,,1,,,,,,,0,1,,,,,,,,,,118819.88845458832,0.0,30.0,1.0,1.0,118.0,38139.1751518496,1.0
ME1 0 0 onwind-c,ME1 0,WIND,W,,,,118.0,0,,,,,1,,,,,,,0,1,,,,,,,,,,118819.88845458832,0.0,30.0,1.0,1.0,118.0,38139.1751518496,1.0
MK1 0 0 onwind,MK1 0,WIND,W,,,,546.0,0,,,,,1,,,,,,,0,1,,,,,,,,,,118819.88845458832,0.0,30.0,1.0,1.0,546.0,66931.11059487608,1.0
MK1 0 0 onwind-c,MK1 0,WIND,W,,,,546.0,0,,,,,1,,,,,,,0,1,,,,,,,,,,118819.88845458832,0.0,30.0,1.0,1.0,546.0,66931.11059487608,1.0
NL1 0 0 onwind,NL1 0,WIND,W,,,,4352.9,0,,,,,1,,,,,,,0,1,,,,,,,,,,118819.88845458832,0.0,30.0,1.0,1.0,4352.9,46259.91616806976,1.0
NL1 0 0 onwind-c,NL1 0,WIND,W,,,,4352.9,0,,,,,1,,,,,,,0,1,,,,,,,,,,118819.88845458832,0.0,30.0,1.0,1.0,4352.9,46259.91616806976,1.0
NO2 0 0 onwind,NO2 0,WIND,W,,,,5016.4,0,,,,,1,,,,,,,0,1,,,,,,,,,,118819.88845458832,0.0,30.0,1.0,1.0,5016.4,790538.4785900523,1.0
NO2 0 0 onwind-c,NO2 0,WIND,W,,,,5016.4,0,,,,,1,,,,,,,0,1,,,,,,,,,,118819.88845458832,0.0,30.0,1.0,1.0,5016.4,790538.4785900523,1.0
PL1 0 0 onwind,PL1 0,WIND,W,,,,9259.5,0,,,,,1,,,,,,,0,1,,,,,,,,,,118819.88845458832,0.0,30.0,1.0,1.0,9259.5,418529.188922763,1.0
PL1 0 0 onwind-c,PL1 0,WIND,W,,,,9259.5,0,,,,,1,,,,,,,0,1,,,,,,,,,,118819.88845458832,0.0,30.0,1.0,1.0,9259.5,418529.188922763,1.0
PT1 0 0 onwind,PT1 0,WIND,W,,,,5619.0,0,,,,,1,,,,,,,0,1,,,,,,,,,,118819.88845458832,0.0,30.0,1.0,1.0,5619.0,163131.46195984937,1.0
PT1 0 0 onwind-c,PT1 0,WIND,W,,,,5619.0,0,,,,,1,,,,,,,0,1,,,,,,,,,,118819.88845458832,0.0,30.0,1.0,1.0,5619.0,163131.46195984937,1.0
RO1 0 0 onwind,RO1 0,WIND,W,,,,5723.2,0,,,,,1,,,,,,,0,1,,,,,,,,,,118819.88845458832,0.0,30.0,1.0,1.0,5723.2,324062.0275142753,1.0
RO1 0 0 onwind-c,RO1 0,WIND,W,,,,5723.2,0,,,,,1,,,,,,,0,1,,,,,,,,,,118819.88845458832,0.0,30.0,1.0,1.0,5723.2,324062.0275142753,1.0
RS1 0 0 onwind,RS1 0,WIND,W,,,,670.1,0,,,,,1,,,,,,,0,1,,,,,,,,,,118819.88845458832,0.0,30.0,1.0,1.0,670.1,184130.21594516764,1.0
RS1 0 0 onwind-c,RS1 0,WIND,W,,,,670.1,0,,,,,1,,,,,,,0,1,,,,,,,,,,118819.88845458832,0.0,30.0,1.0,1.0,670.1,184130.21594516764,1.0
SE2 0 0 onwind,SE2 0,WIND,W,,,,17284.8,0,,,,,1,,,,,,,0,1,,,,,,,,,,118819.88845458832,0.0,30.0,1.0,1.0,17284.8,942669.9297997747,1.0
SE2 0 0 onwind-c,SE2 0,WIND,W,,,,17284.8,0,,,,,1,,,,,,,0,1,,,,,,,,,,118819.88845458832,0.0,30.0,1.0,1.0,17284.8,942669.9297997747,1.0
SI1 0 0 onwind,SI1 0,WIND,W,,,,0.0,0,,,,,1,,,,,,,0,1,,,,,,,,,,118819.88845458832,0.0,30.0,1.0,1.0,0.0,28593.136563554755,1.0
SI1 0 0 onwind-c,SI1 0,WIND,W,,,,0.0,0,,,,,1,,,,,,,0,1,,,,,,,,,,118819.88845458832,0.0,30.0,1.0,1.0,0.0,28593.136563554755,1.0
SK1 0 0 onwind,SK1 0,WIND,W,,,,0.0,0,,,,,1,,,,,,,0,1,,,,,,,,,,118819.88845458832,0.0,30.0,1.0,1.0,0.0,52302.64177596403,1.0
SK1 0 0 onwind-c,SK1 0,WIND,W,,,,0.0,0,,,,,1,,,,,,,0,1,,,,,,,,,,118819.88845458832,0.0,30.0,1.0,1.0,0.0,52302.64177596403,1.0
XK1 0 0 onwind,XK1 0,WIND,W,,,,135.0,0,,,,,1,,,,,,,0,1,,,,,,,,,,118819.88845458832,0.0,30.0,1.0,1.0,135.0,26249.21828127967,1.0
XK1 0 0 onwind-c,XK1 0,WIND,W,,,,135.0,0,,,,,1,,,,,,,0,1,,,,,,,,,,118819.88845458832,0.0,30.0,1.0,1.0,135.0,26249.21828127967,1.0
AL1 0 ror,AL1 0,ROR,W,,,,383.66599999999994,0,,,,,1,,,,,,,0,1,,,,,,,,,,391309.9121855736,0.0,inf,0.9,383.66599999999994,0.0,inf,1.0
AT1 0 ror,AT1 0,ROR,W,,,,2395.180368258109,0,,,,,1,,,,,,,0,1,,,,,,,,,,391309.9121855736,0.0,inf,0.9,2395.180368258109,0.0,inf,1.0
BA1 0 ror,BA1 0,ROR,W,,,,14.0,0,,,,,1,,,,,,,0,1,,,,,,,,,,391309.9121855736,0.0,inf,0.9,14.0,0.0,inf,1.0
BE1 0 ror,BE1 0,ROR,W,,,,58.47448082128174,0,,,,,1,,,,,,,0,1,,,,,,,,,,391309.9121855736,0.0,inf,0.9,58.47448082128174,0.0,inf,1.0
BG1 0 ror,BG1 0,ROR,W,,,,241.4,0,,,,,1,,,,,,,0,1,,,,,,,,,,391309.9121855736,0.0,inf,0.9,241.4,0.0,inf,1.0
CH1 0 ror,CH1 0,ROR,W,,,,3892.2259999999997,0,,,,,1,,,,,,,0,1,,,,,,,,,,391309.9121855736,0.0,inf,0.9,3892.2259999999997,0.0,inf,1.0
CZ1 0 ror,CZ1 0,ROR,W,,,,40.226382271496,0,,,,,1,,,,,,,0,1,,,,,,,,,,391309.9121855736,0.0,inf,0.9,40.226382271496,0.0,inf,1.0
DE1 0 ror,DE1 0,ROR,W,,,,83.77179999999998,0,,,,,1,,,,,,,0,1,,,,,,,,,,391309.9121855736,0.0,inf,0.9,83.77179999999998,0.0,inf,1.0
DE1 1 ror,DE1 1,ROR,W,,,,2258.268039,0,,,,,1,,,,,,,0,1,,,,,,,,,,391309.9121855736,0.0,inf,0.9,2258.268039,0.0,inf,1.0
DE1 2 ror,DE1 2,ROR,W,,,,314.34999999999997,0,,,,,1,,,,,,,0,1,,,,,,,,,,391309.9121855736,0.0,inf,0.9,314.34999999999997,0.0,inf,1.0
DE1 3 ror,DE1 3,ROR,W,,,,132.0825,0,,,,,1,,,,,,,0,1,,,,,,,,,,391309.9121855736,0.0,inf,0.9,132.0825,0.0,inf,1.0
DE1 4 ror,DE1 4,ROR,W,,,,1118.36507,0,,,,,1,,,,,,,0,1,,,,,,,,,,391309.9121855736,0.0,inf,0.9,1118.36507,0.0,inf,1.0
DE1 5 ror,DE1 5,ROR,W,,,,107.2813,0,,,,,1,,,,,,,0,1,,,,,,,,,,391309.9121855736,0.0,inf,0.9,107.2813,0.0,inf,1.0
ES1 0 ror,ES1 0,ROR,W,,,,496.79580000000004,0,,,,,1,,,,,,,0,1,,,,,,,,,,391309.9121855736,0.0,inf,0.9,496.79580000000004,0.0,inf,1.0
FI2 0 ror,FI2 0,ROR,W,,,,1201.6,0,,,,,1,,,,,,,0,1,,,,,,,,,,391309.9121855736,0.0,inf,0.9,1201.6,0.0,inf,1.0
FR1 0 ror,FR1 0,ROR,W,,,,1477.0,0,,,,,1,,,,,,,0,1,,,,,,,,,,391309.9121855736,0.0,inf,0.9,1477.0,0.0,inf,1.0
FR1 1 ror,FR1 1,ROR,W,,,,1131.734356851897,0,,,,,1,,,,,,,0,1,,,,,,,,,,391309.9121855736,0.0,inf,0.9,1131.734356851897,0.0,inf,1.0
FR1 2 ror,FR1 2,ROR,W,,,,4517.479761447062,0,,,,,1,,,,,,,0,1,,,,,,,,,,391309.9121855736,0.0,inf,0.9,4517.479761447062,0.0,inf,1.0
GB0 1 ror,GB0 1,ROR,W,,,,3349.0,0,,,,,1,,,,,,,0,1,,,,,,,,,,391309.9121855736,0.0,inf,0.9,3349.0,0.0,inf,1.0
GR1 0 ror,GR1 0,ROR,W,,,,29.3,0,,,,,1,,,,,,,0,1,,,,,,,,,,391309.9121855736,0.0,inf,0.9,29.3,0.0,inf,1.0
HR1 0 ror,HR1 0,ROR,W,,,,375.76773029167686,0,,,,,1,,,,,,,0,1,,,,,,,,,,391309.9121855736,0.0,inf,0.9,375.76773029167686,0.0,inf,1.0
HU1 0 ror,HU1 0,ROR,W,,,,17.9,0,,,,,1,,,,,,,0,1,,,,,,,,,,391309.9121855736,0.0,inf,0.9,17.9,0.0,inf,1.0
IE6 0 ror,IE6 0,ROR,W,,,,215.0,0,,,,,1,,,,,,,0,1,,,,,,,,,,391309.9121855736,0.0,inf,0.9,215.0,0.0,inf,1.0
IT1 0 ror,IT1 0,ROR,W,,,,6181.66,0,,,,,1,,,,,,,0,1,,,,,,,,,,391309.9121855736,0.0,inf,0.9,6181.66,0.0,inf,1.0
IT1 1 ror,IT1 1,ROR,W,,,,2158.9,0,,,,,1,,,,,,,0,1,,,,,,,,,,391309.9121855736,0.0,inf,0.9,2158.9,0.0,inf,1.0
IT3 0 ror,IT3 0,ROR,W,,,,20.0,0,,,,,1,,,,,,,0,1,,,,,,,,,,391309.9121855736,0.0,inf,0.9,20.0,0.0,inf,1.0
LV7 0 ror,LV7 0,ROR,W,,,,1536.0,0,,,,,1,,,,,,,0,1,,,,,,,,,,391309.9121855736,0.0,inf,0.9,1536.0,0.0,inf,1.0
ME1 0 ror,ME1 0,ROR,W,,,,5.36,0,,,,,1,,,,,,,0,1,,,,,,,,,,391309.9121855736,0.0,inf,0.9,5.36,0.0,inf,1.0
MK1 0 ror,MK1 0,ROR,W,,,,207.6,0,,,,,1,,,,,,,0,1,,,,,,,,,,391309.9121855736,0.0,inf,0.9,207.6,0.0,inf,1.0
NO2 0 ror,NO2 0,ROR,W,,,,2083.0,0,,,,,1,,,,,,,0,1,,,,,,,,,,391309.9121855736,0.0,inf,0.9,2083.0,0.0,inf,1.0
PL1 0 ror,PL1 0,ROR,W,,,,182.40036877954398,0,,,,,1,,,,,,,0,1,,,,,,,,,,391309.9121855736,0.0,inf,0.9,182.40036877954398,0.0,inf,1.0
PT1 0 ror,PT1 0,ROR,W,,,,2373.7,0,,,,,1,,,,,,,0,1,,,,,,,,,,391309.9121855736,0.0,inf,0.9,2373.7,0.0,inf,1.0
RO1 0 ror,RO1 0,ROR,W,,,,3990.45,0,,,,,1,,,,,,,0,1,,,,,,,,,,391309.9121855736,0.0,inf,0.9,3990.45,0.0,inf,1.0
RS1 0 ror,RS1 0,ROR,W,,,,341.0,0,,,,,1,,,,,,,0,1,,,,,,,,,,391309.9121855736,0.0,inf,0.9,341.0,0.0,inf,1.0
SE2 0 ror,SE2 0,ROR,W,,,,2223.0,0,,,,,1,,,,,,,0,1,,,,,,,,,,391309.9121855736,0.0,inf,0.9,2223.0,0.0,inf,1.0
SI1 0 ror,SI1 0,ROR,W,,,,808.415,0,,,,,1,,,,,,,0,1,,,,,,,,,,391309.9121855736,0.0,inf,0.9,808.415,0.0,inf,1.0
SK1 0 ror,SK1 0,ROR,W,,,,1326.11,0,,,,,1,,,,,,,0,1,,,,,,,,,,391309.9121855736,0.0,inf,0.9,1326.11,0.0,inf,1.0
XK1 0 ror,XK1 0,ROR,W,,,,30.2,0,,,,,1,,,,,,,0,1,,,,,,,,,,391309.9121855736,0.0,inf,0.9,30.2,0.0,inf,1.0
